Name,Symbol,Total gain/loss,Total gain/loss_Currency,Total gain/loss %,Holding value,Holding value_Currency
20 Microns Ltd,20MICRONS:NSI,98.75,INR,3.00,"3,393.05",INR
8K Miles Software Services Ltd,8KMILES:NSI,"8,683.60",INR,33.85,"34,340.00",INR
Aarti Drugs Ltd,AARTIDRUGS:NSI,832.10,INR,3.02,"28,392.10",INR
Aban Offshore Ltd,ABAN:NSI,500.50,INR,2.12,"24,147.50",INR
Accelya Kale Solutions Ltd,ACCELYA:NSI,"1,917.30",INR,4.07,"49,054.50",INR
Aditya Birla Money Ltd,BIRLAMONEY:NSI,-6.20,INR,-0.0585,"10,583.40",INR
Adlabs Entertainment Ltd,ADLABS:NSI,253.40,INR,2.13,"12,154.15",INR
Ador Welding Ltd,ADORWELD:NSI,"4,557.00",INR,34.98,"17,583.00",INR
Advani Hotels and Resorts India Ltd,ADVANIHOTR:NSI,216.30,INR,3.73,"6,010.05",INR
AGC Networks Ltd,AGCNET:NSI,78.75,INR,1.07,"7,430.85",INR
Agro Tech Foods Ltd,ATFL:NSI,934.20,INR,3.42,"28,263.60",INR
Ahluwalia Contracts (India) Ltd,AHLUCONT:NSI,"-2,108.35",INR,-4.60,"43,709.15",INR
Aksh Optifibre Ltd,AKSHOPTFBR:NSI,"1,230.80",INR,15.01,"9,430.10",INR
Alembic Ltd,ALEMBICLTD:NSI,297.50,INR,1.30,"23,234.75",INR
Allied Digital Services Ltd,ADSL:NSI,336.00,INR,15.35,"2,525.60",INR
Alok Industries Ltd,ALOKTEXT:NSI,613.60,INR,7.14,"9,204.00",INR
Alpa Laboratories Ltd,ALPA:NSI,35.25,INR,2.57,"1,405.30",INR
Amtek Auto Ltd,AMTEKAUTO:NSI,193.55,INR,1.52,"12,967.85",INR
Anant Raj Ltd,ANANTRAJ:NSI,394.20,INR,1.09,"36,529.20",INR
Andhra Sugars Ltd,ANDHRSUGAR:NSI,"7,566.00",INR,31.10,"31,896.00",INR
Ansal Housing and Construction Ltd,ANSALHSG:NSI,39.60,INR,1.44,"2,791.80",INR
Ansal Properties and Infrastructure Ltd,ANSALAPI:NSI,157.95,INR,2.12,"7,616.70",INR
APL Apollo Tubes Ltd,APLAPOLLO:NSI,"12,664.35",INR,14.15,"102,160.15",INR
Aptech Ltd,APTECHT:NSI,"4,191.90",INR,16.66,"29,347.75",INR
Archies Ltd,ARCHIES:NSI,146.25,INR,6.57,"2,373.75",INR
Aries Agro Ltd,ARIES:NSI,577.10,INR,13.37,"4,892.30",INR
ARSS Infrastructure Projects Ltd,ARSSINFRA:NSI,61.20,INR,2.42,"2,585.70",INR
Ashiana Housing Ltd,ASHIANA:NSI,"2,006.40",INR,5.30,"39,888.60",INR
Assam Company India Ltd,ASSAMCO:NSI,138.00,INR,4.94,"2,932.50",INR
Astrazeneca Pharma India Ltd,ASTRAZEN:NSI,"2,097.20",INR,4.11,"53,186.00",INR
Atlas Cycles Haryana Ltd,ATLASCYCLE:NSI,197.05,INR,7.20,"2,934.40",INR
Autoline Industries Ltd,AUTOIND:NSI,151.20,INR,5.40,"2,952.00",INR
Automotive Axles Ltd,AUTOAXLES:NSI,"2,230.40",INR,7.54,"31,807.00",INR
B L Kashyap and Sons Ltd,BLKASHYAP:NSI,288.00,INR,1.40,"20,880.00",INR
Bajaj Hindusthan Sugar Ltd,BAJAJHIND:NSI,"3,535.00",INR,10.29,"37,875.00",INR
Balaji Telefilms Ltd,BALAJITELE:NSI,922.50,INR,2.69,"35,246.25",INR
Ballarpur Industries Ltd,BALLARPUR:NSI,-288.10,INR,-0.7905,"36,156.55",INR
Balmer Lawrie and Company Ltd,BALMLAWRIE:NSI,"1,676.40",INR,3.04,"56,908.70",INR
Banco Products India Ltd,BANCOINDIA:NSI,"1,168.65",INR,3.52,"34,336.05",INR
Bannari Amman Sugars Ltd,BANARISUG:NSI,"1,352.40",INR,2.10,"65,654.40",INR
Bf Utilities Limitd,BFUTILITIE:NSI,"1,818.60",INR,5.50,"34,893.60",INR
BGR Energy Systems Ltd,BGRENERGY:NSI,901.60,INR,4.28,"21,952.35",INR
Bhansali Engg Polymers Ltd,BEPL:NSI,"11,784.50",INR,39.03,"41,976.50",INR
Bharat Bijlee Ltd,BBL:NSI,352.95,INR,2.47,"14,669.85",INR
Bhartiya International Ltd,BIL:NSI,720.90,INR,4.54,"16,587.45",INR
Binani Industries Ltd,BINANIIND:NSI,175.00,INR,3.45,"5,250.00",INR
Birla Cable Ltd,BIRLACABLE:NSI,338.35,INR,12.29,"3,092.05",INR
Bliss GVS Pharma Ltd,BLISSGVS:NSI,-655.50,INR,-1.79,"35,972.00",INR
Bombay Dyeing and Mfg Co Ltd,BOMDYEING:NSI,"27,531.00",INR,33.96,"108,606.00",INR
Bombay Rayon Fashions Ltd,BRFL:NSI,"-3,286.80",INR,-3.94,"80,211.20",INR
BPL Ltd,BPL:NSI,545.00,INR,7.56,"7,755.35",INR
Brigade Enterprises Ltd,BRIGADE:NSI,"2,853.90",INR,3.79,"78,233.10",INR
BSL Ltd,BSL:NSI,39.10,INR,2.77,"1,449.00",INR
Castex Technologies Ltd,CASTEXTECH:NSI,-126.30,INR,-2.78,"4,420.50",INR
Century Enka Ltd,CENTENKA:NSI,"1,683.15",INR,11.14,"16,792.30",INR
Cinevista Ltd,CINEVISTA:NSI,672.00,INR,33.12,"2,700.80",INR
Clariant Chemicals India Ltd,CLNINDIA:NSI,"1,838.55",INR,6.28,"31,127.85",INR
Consolidated Finvest & Holdings Ltd,CONSOFINVT:NSI,-180.00,INR,-3.80,"4,561.20",INR
Cosmo Films Ltd,COSMOFILMS:NSI,290.25,INR,1.77,"16,711.95",INR
Creative Eye Ltd,CREATIVEYE:NSI,0.00,INR,0.00,191.25,INR
Cybertech Systems and Software Ltd,CYBERTECH:NSI,915.00,INR,26.57,"4,358.45",INR
D S Kulkarni Developers Ltd,DSKULKARNI:NSI,105.45,INR,7.20,"1,570.35",INR
Dalmia Bharat Sugar and Industries Ltd,DALMIASUG:NSI,"4,428.00",INR,16.44,"31,356.00",INR
DCW Ltd,DCW:NSI,"2,885.10",INR,16.93,"19,926.75",INR
De Nora India Ltd,DENORA:NSI,23.40,INR,0.7772,"3,034.20",INR
Deepak Fertilisers and Petrochemicals Corp Ltd,DEEPAKFERT:NSI,"12,936.00",INR,17.86,"85,367.80",INR
DEN Networks Ltd,DEN:NSI,-763.00,INR,-1.95,"38,368.00",INR
Dhampur Sugar Mills Ltd,DHAMPURSUG:NSI,"6,512.00",INR,17.02,"44,770.00",INR
Dhanlaxmi Bank Ltd,DHANBANK:NSI,451.20,INR,2.15,"21,403.80",INR
DIC India Ltd,DICIND:NSI,649.00,INR,6.65,"10,414.00",INR
DIGJAM Ltd,DIGJAMLTD:NSI,87.75,INR,4.17,"2,193.75",INR
D-Link India Ltd,DLINKINDIA:NSI,"1,611.60",INR,19.36,"9,934.25",INR
Donear Industries Ltd,DONEAR:NSI,278.40,INR,2.13,"13,340.00",INR
Dredging Corporation of India Ltd,DREDGECORP:NSI,"1,072.60",INR,3.14,"35,231.50",INR
Dwarikesh Sugar Industries Ltd,DWARKESH:NSI,"6,829.70",INR,26.10,"32,996.25",INR
Dynamatic Technologies Ltd,DYNAMATECH:NSI,-18.90,INR,-0.0627,"30,116.80",INR
ECE Industries Ltd,ECEIND:NSI,26.40,INR,0.8012,"3,321.60",INR
Educomp Solutions Ltd,EDUCOMP:NSI,-273.00,INR,-16.81,"1,351.35",INR
Elecon Engineering Company Ltd,ELECON:NSI,"2,562.50",INR,17.80,"16,962.50",INR
Electrosteel Castings Ltd,ELECTCAST:NSI,834.75,INR,4.41,"19,755.75",INR
ELGI Rubber Co Ltd,ELGIRUBCO:NSI,-61.05,INR,-1.30,"4,639.80",INR
Energy Development Company Ltd,ENERGYDEV:NSI,159.00,INR,7.19,"2,369.10",INR
Eros International Media Ltd,EROSMEDIA:NSI,"4,798.50",INR,10.84,"49,045.50",INR
ESAB India Ltd,ESABINDIA:NSI,"6,494.00",INR,25.81,"31,654.00",INR
Ess Dee Aluminium Ltd,ESSDEE:NSI,21.30,INR,0.7557,"2,840.00",INR
Eveready Industries India Ltd,EVEREADY:NSI,"5,605.20",INR,11.69,"53,565.30",INR
Everest Industries Ltd,EVERESTIND:NSI,"2,446.30",INR,20.93,"14,135.50",INR
Everest Kanto Cylinder Ltd,EKC:NSI,"1,925.00",INR,23.37,"10,162.50",INR
Excel Industries Ltd,EXCELINDUS:NSI,"1,972.60",INR,16.83,"13,696.20",INR
Flexituff International Ltd,FLEXITUFF:NSI,-77.00,INR,-1.85,"4,086.50",INR
Foseco India Ltd,FOSECOIND:NSI,318.50,INR,1.73,"18,728.50",INR
Future Enterprises Ltd,FEL:NSI,"1,640.50",INR,3.33,"50,952.00",INR
Gabriel India Ltd,GABRIEL:NSI,464.00,INR,0.7355,"63,552.00",INR
Gammon India Ltd,GAMMONIND:NSI,-452.65,INR,-8.46,"4,896.85",INR
Gammon Infrastructure Projects Ltd,GAMMNINFRA:NSI,-209.80,INR,-3.39,"5,979.30",INR
Garware Wall Ropes Ltd,GARWALLROP:NSI,"2,349.55",INR,5.45,"45,459.75",INR
Gateway Distriparks Ltd,GDL:NSI,"3,109.70",INR,5.63,"58,322.00",INR
Gati Ltd,GATI:NSI,"2,265.40",INR,8.80,"28,004.20",INR
Gayatri Projects Ltd,GAYAPROJ:NSI,"3,199.50",INR,4.54,"73,667.50",INR
Geojit Financial Services Ltd,GEOJITFSL:NSI,"10,428.00",INR,16.03,"75,477.60",INR
GHCL Ltd,GHCL:NSI,"5,594.40",INR,12.30,"51,062.40",INR
Gitanjali Gems Ltd,GITANJALI:NSI,"1,412.40",INR,8.21,"18,625.20",INR
Global Offshore Services Ltd,GLOBOFFS:NSI,8.25,INR,0.4425,"1,872.75",INR
Gokaldas Exports Ltd,GOKEX:NSI,"1,657.50",INR,19.78,"10,038.60",INR
Graphite India Ltd,GRAPHITE:NSI,"40,368.00",INR,24.97,"202,057.50",INR
GTN Industries Ltd,GTNIND:NSI,105.30,INR,16.12,758.55,INR
Gujarat Ambuja Exports Ltd,GAEL:NSI,"5,342.25",INR,14.78,"41,488.50",INR
Gujarat Industries Power Company Ltd,GIPCL:NSI,"4,751.70",INR,10.88,"48,443.75",INR
Gujarat NRE Coke Ltd,GUJNRECOKE:NSI,0.00,INR,0.00,"5,539.70",INR
GVK Power & Infrastructure Ltd,GVKPIL:NSI,703.60,INR,1.71,"41,864.20",INR
Harrisons Malayalam Ltd,HARRMALAYA:NSI,227.55,INR,7.56,"3,236.95",INR
HCL Infosystems Ltd,HCL-INSYS:NSI,"1,341.90",INR,5.69,"24,924.55",INR
HEG Ltd,HEG:NSI,"33,610.85",INR,40.47,"116,665.65",INR
Heritage Foods Ltd,HERITGFOOD:NSI,"61,491.60",INR,8.14,"817,086.60",INR
Hikal Ltd,HIKAL:NSI,"2,708.40",INR,6.98,"41,504.40",INR
Himachal Futuristic Communications Ltd,HFCL:NSI,"4,279.55",INR,6.43,"70,819.65",INR
Hinduja Ventures Ltd,HINDUJAVEN:NSI,959.10,INR,4.36,"22,951.70",INR
Hindustan Media Ventures Ltd,HMVL:NSI,-790.55,INR,-1.93,"40,106.15",INR
Hindustan Oil Exploration Company Ltd,HINDOILEXP:NSI,"1,862.40",INR,7.32,"27,295.80",INR
Honda Siel Power Products Ltd,HONDAPOWER:NSI,50.60,INR,0.1686,"30,067.90",INR
HSIL Ltd,HSIL:NSI,"10,617.95",INR,16.96,"73,230.85",INR
HT Media Ltd,HTMEDIA:NSI,"1,735.30",INR,3.58,"50,271.90",INR
Hubtown Ltd,HUBTOWN:NSI,510.30,INR,2.93,"17,949.60",INR
I G Petrochemicals Ltd,IGPL:NSI,"6,920.70",INR,16.05,"50,028.45",INR
IFB Industries Ltd,IFBIND:NSI,"2,430.00",INR,3.74,"67,396.50",INR
Igarashi Motors India Ltd,IGARASHI:NSI,394.40,INR,0.6444,"61,594.40",INR
IL&FS Engineering and Construction Co Ltd,FSENGG:NSI,160.60,INR,1.69,"9,636.00",INR
IND Swift Laboratories Ltd,INDSWFTLAB:NSI,80.80,INR,2.41,"3,434.00",INR
India Glycols Ltd,INDIAGLYCO:NSI,"5,585.55",INR,33.15,"22,435.35",INR
India Nippon Electricals Ltd,INDNIPPON:NSI,"3,101.25",INR,11.89,"29,177.50",INR
Indiabulls Ventures Ltd,IBVENTURES:NSI,"32,948.25",INR,13.09,"284,566.50",INR
Indian Card Clothing Company Ltd,INDIANCARD:NSI,-1.50,INR,-0.086,"1,742.50",INR
Indian Metals and Ferro Alloys Ltd,IMFA:NSI,"5,100.00",INR,13.58,"42,657.00",INR
Indo Rama Synthetics (India) Ltd,INDORAMA:NSI,"2,957.50",INR,32.96,"11,931.40",INR
Indoco Remedies Ltd,INDOCO:NSI,"7,359.50",INR,17.23,"50,081.50",INR
Indraprastha Medical Corporation Ltd,INDRAMEDCO:NSI,285.60,INR,2.75,"10,659.00",INR
INEOS Styrolution India Ltd,INEOSSTYRO:NSI,"5,148.00",INR,14.78,"39,969.15",INR
Infinite Computer Solutions (India) Ltd,INFINITE:NSI,218.30,INR,1.40,"15,765.70",INR
Ingersoll-Rand (India) Ltd,INGERRAND:NSI,-84.00,INR,-0.1549,"54,131.00",INR
INOX Leisure Ltd,INOXLEISUR:NSI,"-1,021.25",INR,-2.02,"49,536.00",INR
Intellect Design Arena Ltd,INTELLECT:NSI,"3,487.50",INR,10.49,"36,730.35",INR
International Paper APPM Ltd,IPAPPM:NSI,"1,183.70",INR,4.62,"26,811.25",INR
Intrasoft Technologies Ltd,ISFT:NSI,790.35,INR,4.90,"16,927.35",INR
IOL Chemicals and Pharmaceuticals Ltd,IOLCP:NSI,-37.50,INR,-0.6224,"5,987.50",INR
ITD Cementation India Ltd,ITDCEM:NSI,-276.80,INR,-0.4661,"59,114.10",INR
IVRCL Ltd,IVRCLINFRA:NSI,523.20,INR,7.23,"7,760.80",INR
J Kumar Infraprojects Ltd,JKIL:NSI,"3,794.05",INR,10.95,"38,439.05",INR
Jagson Pal Pharmaceuticals Ltd,JAGSNPHARM:NSI,61.95,INR,3.44,"1,864.40",INR
Jai Corp Ltd,JAICORPLTD:NSI,"7,225.40",INR,16.81,"50,220.50",INR
Jain Studios Ltd,JAINSTUDIO:NSI,9.60,INR,3.19,310.40,INR
Jay Shree Tea and Industries Ltd,JAYSREETEA:NSI,86.40,INR,1.46,"5,996.80",INR
Jaypee Infratech Ltd,JPINFRATEC:NSI,"4,022.20",INR,10.00,"44,244.20",INR
JBF Industries Ltd,JBFIND:NSI,"9,109.10",INR,33.07,"36,654.80",INR
Jindal Photo Ltd,JINDALPHOT:NSI,599.15,INR,38.37,"2,160.85",INR
Jindal Poly Films Ltd,JINDALPOLY:NSI,"1,955.10",INR,5.47,"37,676.10",INR
Jindal SAW Ltd,JINDALSAW:NSI,"6,230.00",INR,7.78,"86,258.80",INR
JMT Auto Ltd,JMTAUTOLTD:NSI,-112.20,INR,-2.74,"3,983.10",INR
JSW Holdings Ltd,JSWHL:NSI,"1,610.00",INR,3.50,"47,587.50",INR
Jyoti Structures Ltd,JYOTISTRUC:NSI,0.00,INR,0.00,"2,684.00",INR
K S B Pumps Ltd,KSBPUMPS:NSI,-323.70,INR,-0.5642,"57,053.10",INR
Kakatiya Cement Sugar and Industries Ltd,KAKATCEM:NSI,675.75,INR,11.41,"6,597.70",INR
Kalyani Steels Ltd,KSL:NSI,"2,871.20",INR,7.61,"40,613.90",INR
Kanoria Chemicals and Industries Ltd,KANORICHEM:NSI,436.50,INR,5.39,"8,531.15",INR
Karuturi Global Ltd,KGL:NSI,333.60,INR,8.33,"4,336.80",INR
KCP Ltd,KCP:NSI,"3,128.30",INR,9.55,"35,875.00",INR
Kesoram Industries Ltd,KESORAMIND:NSI,639.40,INR,1.84,"35,375.50",INR
Kewal Kiran Clothing Ltd,KKCL:NSI,969.30,INR,2.11,"46,955.70",INR
Kirloskar Brothers Ltd,KIRLOSBROS:NSI,"3,548.85",INR,8.46,"45,506.70",INR
Kirloskar Industries Ltd,KIRLOSIND:NSI,"1,861.20",INR,5.79,"33,981.20",INR
Kitex Garments Ltd,KITEX:NSI,"1,605.80",INR,5.13,"32,900.40",INR
KNR Constructions Ltd,KNRCON:NSI,469.50,INR,0.7236,"65,354.40",INR
Kohinoor Foods Ltd,KOHINOOR:NSI,308.10,INR,5.66,"5,752.50",INR
Kolte Patil Developers Ltd,KOLTEPATIL:NSI,"5,965.70",INR,19.65,"36,326.55",INR
Kopran Ltd,KOPRAN:NSI,633.60,INR,9.70,"7,166.40",INR
Kothari Products Ltd,KOTHARIPRO:NSI,343.20,INR,2.93,"12,071.40",INR
KPIT Technologies Ltd,KPIT:NSI,"4,708.00",INR,8.85,"57,926.00",INR
KSK Energy Ventures Ltd,KSK:NSI,896.80,INR,9.60,"10,242.40",INR
Lakshmi Energy And Foods Ltd,LAKSHMIEFL:NSI,179.40,INR,3.76,"4,945.20",INR
Lanco Infratech Ltd,LITL:NSI,0.00,INR,0.00,"5,905.60",INR
LG Balakrishnan & Bros Ltd,LGBBROSLTD:NSI,"3,309.25",INR,13.84,"27,226.50",INR
Lovable Lingerie Ltd,LOVABLE:NSI,-246.05,INR,-2.71,"8,846.70",INR
Lumax Industries Ltd,LUMAXIND:NSI,"4,397.40",INR,16.88,"30,453.15",INR
Magma Fincorp Ltd,MAGMA:NSI,"5,042.40",INR,5.62,"94,802.40",INR
Mahanagar Telephone Nigam Ltd,MTNL:NSI,"1,683.60",INR,6.09,"29,322.70",INR
Maharashtra Scooters Ltd,MAHSCOOTER:NSI,"-1,430.00",INR,-2.00,"70,058.75",INR
Maharashtra Seamless Ltd,MAHSEAMLES:NSI,"4,514.70",INR,7.23,"66,968.05",INR
Mahindra Lifespace Developers Ltd,MAHLIFE:NSI,513.00,INR,0.9748,"53,141.10",INR
Man Industries India Ltd,MANINDS:NSI,736.60,INR,6.86,"11,480.80",INR
Man Infraconstruction Ltd,MANINFRA:NSI,"2,617.25",INR,7.91,"35,704.80",INR
Manali Petrochemicals Ltd,MANALIPETC:NSI,"1,014.95",INR,8.17,"13,443.30",INR
Mandhana Industries Ltd,MANDHANA:NSI,-7.40,INR,-1.28,569.80,INR
Mangalam Cement Ltd,MANGLMCEM:NSI,"1,911.80",INR,7.13,"28,720.45",INR
Maral Overseas Ltd,MARALOVER:NSI,87.40,INR,2.55,"3,509.80",INR
Marksans Pharma Ltd,MARKSANS:NSI,"5,152.80",INR,13.29,"43,912.80",INR
Mastek Ltd,MASTEK:NSI,"2,074.80",INR,14.00,"16,889.60",INR
Mayur Uniquoters Ltd,MAYURUNIQ:NSI,"3,065.10",INR,8.25,"40,208.40",INR
MBL Infrastructures Ltd,MBLINFRA:NSI,602.60,INR,29.77,"2,626.60",INR
McLeod Russel India Ltd,MCLEODRUSS:NSI,414.80,INR,1.04,"40,308.80",INR
Mercator Ltd,MERCATOR:NSI,420.70,INR,1.88,"22,747.85",INR
Merck Ltd,MERCK:NSI,-11.10,INR,-0.0288,"38,481.85",INR
Metalyst Forgings Ltd,METALFORGE:NSI,208.55,INR,8.14,"2,769.35",INR
MIRC Electronics Ltd,MIRCELECTR:NSI,"2,666.80",INR,20.73,"15,528.80",INR
Mirza International Ltd,MIRZAINT:NSI,833.90,INR,1.95,"43,551.10",INR
Monnet Ispat and Energy Ltd,MONNETISPA:NSI,-67.20,INR,-0.50,"13,372.80",INR
Morepen Laboratories Ltd,MOREPENLAB:NSI,"1,755.25",INR,10.97,"17,753.10",INR
MPS Ltd,MPSLTD:NSI,-43.05,INR,-0.1795,"23,935.80",INR
MT Educare Ltd,MTEDUCARE:NSI,467.25,INR,9.37,"5,455.70",INR
Mukand Ltd,MUKANDLTD:NSI,"2,094.75",INR,7.44,"30,255.75",INR
Mukta Arts Ltd,MUKTAARTS:NSI,102.50,INR,2.24,"4,682.50",INR
Munjal Auto Industries Ltd,MUNJALAU:NSI,"3,489.95",INR,23.17,"18,553.60",INR
Munjal Showa Ltd,MUNJALSHOW:NSI,"2,064.80",INR,9.12,"24,697.50",INR
Nagarjuna Fertilizers and Chemicals Ltd,NAGAFERT:NSI,"1,731.60",INR,8.33,"22,510.80",INR
Nahar Industrial Enterprises Ltd,NAHARINDUS:NSI,485.05,INR,5.84,"8,793.20",INR
Nahar Poly Films Ltd,NAHARPOLY:NSI,27.50,INR,0.9524,"2,915.00",INR
Nahar Spinning Mills Ltd,NAHARSPING:NSI,624.00,INR,7.68,"8,752.00",INR
Nava Bharat Ventures Ltd,NBVENTURES:NSI,"2,487.50",INR,5.03,"51,939.00",INR
Navkar Corporation Ltd,NAVKARCORP:NSI,"1,399.20",INR,2.41,"59,466.00",INR
Nelco Ltd,NELCO:NSI,-390.15,INR,-6.36,"5,742.60",INR
Next Mediaworks Ltd,NEXTMEDIA:NSI,372.50,INR,13.89,"3,054.50",INR
NIIT Ltd,NIITLTD:NSI,"2,405.00",INR,6.57,"39,016.50",INR
NIIT Technologies Ltd,NIITTECH:NSI,"8,480.30",INR,11.41,"82,809.65",INR
Nitin Fire Protection Industries Ltd,NITINFIRE:NSI,"-1,074.15",INR,-17.84,"4,947.60",INR
Nocil Ltd,NOCIL:NSI,"10,723.80",INR,20.55,"62,897.10",INR
Noida Toll Bridge Company Ltd,NOIDATOLL:NSI,41.50,INR,0.6897,"6,059.00",INR
NRB Bearings Ltd,NRBBEARING:NSI,"1,987.20",INR,7.74,"27,658.80",INR
Oil Country Tubular Ltd,OILCOUNTUB:NSI,113.85,INR,2.60,"4,499.55",INR
Omax Autos Ltd,OMAXAUTO:NSI,225.60,INR,7.37,"3,285.60",INR
Onelife Capital Advisors Ltd,ONELIFECAP:NSI,42.00,INR,5.74,774.00,INR
Onward Technologies Ltd,ONWARDTEC:NSI,754.80,INR,17.04,"5,183.30",INR
Opto Circuits (India) Ltd,OPTOCIRCUI:NSI,-216.00,INR,-5.37,"3,807.00",INR
Orient Cement Ltd,ORIENTCEM:NSI,"5,403.60",INR,8.25,"70,862.40",INR
Orient Paper and Industries Ltd,ORIENTPPR:NSI,"3,681.60",INR,7.90,"50,291.60",INR
Oriental Hotels Ltd,ORIENTHOT:NSI,457.70,INR,3.10,"15,223.50",INR
Orissa Minerals Development Company Ltd,ORISSAMINE:NSI,283.40,INR,1.26,"22,773.40",INR
Ortin Laboratories Ltd,ORTINLABSS:NSI,11.40,INR,1.82,638.40,INR
Panacea Biotec Ltd,PANACEABIO:NSI,"2,930.80",INR,10.34,"31,280.00",INR
Pansari Developers Ltd,PANSARI:NSI,0.00,INR,0.00,848.25,INR
Parag Milk Foods Ltd,PARAGMILK:NSI,"1,439.90",INR,3.13,"47,423.20",INR
Parsvnath Developers Ltd,PARSVNATH:NSI,"2,131.80",INR,10.58,"22,287.00",INR
Patel Engineering Ltd,PATELENG:NSI,"2,607.50",INR,10.16,"28,262.50",INR
Patspin India Ltd,PATSPINLTD:NSI,96.60,INR,5.76,"1,773.30",INR
Pearl Global Industries Ltd,PGIL:NSI,422.40,INR,6.04,"7,413.60",INR
Peninsula Land Ltd,PENINLAND:NSI,373.20,INR,2.54,"15,083.50",INR
Phillips Carbon Black Ltd,PHILIPCARB:NSI,"8,828.05",INR,14.24,"70,840.00",INR
Pnb Gilts Ltd,PNBGILTS:NSI,"1,142.85",INR,6.06,"20,009.90",INR
Polaris Consulting & Services Ltd,POLARIS:NSI,"1,516.20",INR,2.98,"52,474.20",INR
Praj Industries Ltd,PRAJIND:NSI,802.00,INR,2.93,"28,150.20",INR
Prakash Industries Ltd,PRAKASH:NSI,"8,823.00",INR,25.04,"44,064.00",INR
Premier Ltd,PREMIER:NSI,142.80,INR,7.45,"2,060.40",INR
Prime Focus Ltd,PFOCUS:NSI,699.30,INR,1.14,"61,804.80",INR
Prime Securities Ltd,PRIMESECU:NSI,421.85,INR,21.22,"2,410.15",INR
Pritish Nandy Communications Ltd,PNC:NSI,10.85,INR,1.93,571.95,INR
Provogue India Ltd,PROVOGE:NSI,-26.00,INR,-1.20,"2,132.00",INR
PTC India Financial Services Ltd,PFS:NSI,"2,575.80",INR,4.86,"55,594.35",INR
PTC India Ltd,PTC:NSI,"-1,186.20",INR,-1.47,"79,771.95",INR
Pudumjee Industries Ltd,PDUMJEIND:NSI,-928.20,INR,-42.50,"1,255.80",INR
Punj Lloyd Ltd,PUNJLLOYD:NSI,410.85,INR,2.61,"16,172.55",INR
Punjab Chemicals and Crop Protection Ltd,PUNJABCHEM:NSI,"1,460.70",INR,14.95,"11,232.00",INR
Puravankara Ltd,PURVA:NSI,"4,857.60",INR,12.72,"43,032.00",INR
PVP Ventures Ltd,PVP:NSI,81.90,INR,3.00,"2,811.90",INR
R S Software (India) Ltd,RSSOFTWARE:NSI,290.70,INR,8.16,"3,853.20",INR
Radico Khaitan Ltd,RADICO:NSI,"24,350.90",INR,87.18,"52,283.70",INR
Raj Television Network Ltd,RAJTV:NSI,34.80,INR,0.5059,"6,913.60",INR
Ramco Industries Ltd,RAMCOIND:NSI,"4,863.60",INR,10.25,"52,293.35",INR
Ramco Systems Ltd,RAMCOSYS:NSI,-200.60,INR,-0.7714,"25,802.60",INR
Ramkrishna Forgings Ltd,RKFORGE:NSI,"4,788.80",INR,10.96,"48,501.20",INR
Ramky Infrastructure Ltd,RAMKY:NSI,"4,889.50",INR,39.33,"17,322.80",INR
Rane Brake Linings Ltd,RBL:NSI,"1,980.00",INR,9.72,"22,342.50",INR
Rane Engine Valve Ltd,RANEENGINE:NSI,558.75,INR,6.37,"9,336.00",INR
RattanIndia Power Ltd,RTNPOWER:NSI,328.85,INR,0.9009,"36,831.20",INR
Reliance Industrial Infrastructure Ltd,RIIL:NSI,"1,703.40",INR,10.37,"18,130.50",INR
Rico Auto Industries Ltd,RICOAUTO:NSI,"2,633.75",INR,9.43,"30,566.55",INR
Rolta India Ltd,ROLTA:NSI,678.95,INR,3.51,"20,019.85",INR
RSWM Ltd,RSWM:NSI,"2,457.00",INR,15.34,"18,473.00",INR
Ruchi Soya Industries Ltd,RUCHISOYA:NSI,-558.00,INR,-3.11,"17,372.40",INR
Rupa and Company Ltd,RUPA:NSI,"1,893.90",INR,2.52,"77,189.70",INR
Saksoft Ltd,SAKSOFT:NSI,-49.45,INR,-1.08,"4,520.65",INR
Sakthi Sugars Ltd,SAKHTISUG:NSI,516.75,INR,7.63,"7,287.50",INR
Salora International Ltd,SALORAINTL:NSI,58.00,INR,6.75,917.00,INR
Sandesh Ltd,SANDESH:NSI,426.70,INR,2.80,"15,664.65",INR
Saregama India Ltd,SAREGAMA:NSI,"5,411.25",INR,33.17,"21,726.90",INR
Sasken Technologies Ltd,SASKEN:NSI,"1,134.30",INR,6.00,"20,039.30",INR
SE Investments Ltd,SEINV:NSI,310.50,INR,1.85,"17,136.00",INR
Seamec Ltd,SEAMECLTD:NSI,-8.55,INR,-0.1111,"7,686.45",INR
Seshasayee Paper and Boards Ltd,SESHAPAPER:NSI,-30.80,INR,-0.1496,"20,554.80",INR
Shanthi Gears Ltd,SHANTIGEAR:NSI,"1,319.50",INR,5.53,"25,188.80",INR
Shilpi Cable Technologies Ltd,SHILPI:NSI,-627.30,INR,-14.17,"3,800.70",INR
Shirpur Gold Refinery Ltd,SHIRPUR-G:NSI,"1,514.50",INR,15.35,"11,378.25",INR
Shree Rama Newsprint Ltd,RAMANEWS:NSI,641.55,INR,8.26,"8,405.95",INR
Shree Renuka Sugars Ltd,RENUKA:NSI,"2,105.00",INR,7.22,"31,259.25",INR
Shrenuj and Company Ltd,SHRENUJ:NSI,0.00,INR,0.00,236.50,INR
Simplex Infrastructures Ltd,SIMPLEXINF:NSI,"5,571.50",INR,11.43,"54,301.50",INR
Smartlink Network Systems Ltd,SMARTLINK:NSI,375.00,INR,7.53,"5,355.00",INR
SMS Pharmaceuticals Ltd,SMSPHARMA:NSI,-689.85,INR,-3.45,"19,278.00",INR
Snowman Logistics Ltd,SNOWMAN:NSI,"1,692.60",INR,9.69,"19,158.00",INR
Sona Koyo Steering Systems Ltd,SONASTEER:NSI,"2,215.00",INR,4.82,"48,176.25",INR
Sonata Software Ltd,SONATSOFTW:NSI,"1,614.60",INR,4.68,"36,106.20",INR
Southern Petrochemical Industries Corporation Ltd,SPIC:NSI,"3,223.40",INR,21.32,"18,341.60",INR
Sri Adhikari Brothers Television Network Ltd,SABTN:NSI,"-1,653.60",INR,-26.27,"4,641.00",INR
Srikalahasthi Pipes Ltd,SRIPIPES:NSI,"1,561.95",INR,5.85,"28,248.60",INR
Standard Industries Ltd,SIL:NSI,150.15,INR,4.65,"3,381.95",INR
Star Paper Mills Ltd,STARPAPER:NSI,514.50,INR,8.50,"6,567.75",INR
State Trading Corporation of India Ltd,STCINDIA:NSI,"1,876.00",INR,8.97,"22,793.40",INR
Sterling Biotech Ltd,STERLINBIO:NSI,30.30,INR,1.47,"2,090.70",INR
Subros Ltd,SUBROS:NSI,"1,989.90",INR,6.25,"33,821.60",INR
Sudarshan Chemical Industries Ltd,SUDARSCHEM:NSI,-531.30,INR,-0.9275,"56,749.00",INR
Summit Securities Ltd,SUMMITSEC:NSI,"2,809.20",INR,16.84,"19,491.60",INR
Sundaram Brake Linings Ltd,SUNDRMBRAK:NSI,"1,856.70",INR,38.14,"6,724.35",INR
Sunteck Realty Ltd,SUNTECK:NSI,"3,807.55",INR,4.34,"91,549.80",INR
Supreme Infrastructure India Ltd,SUPREMEINF:NSI,"1,122.90",INR,24.73,"5,662.95",INR
Surya Lakshmi Cotton Mills Ltd,SURYALAXMI:NSI,1.85,INR,0.0588,"3,146.85",INR
Surya Roshni Ltd,SURYAROSNI:NSI,"1,381.80",INR,4.77,"30,360.40",INR
Suven Life Sciences Ltd,SUVEN:NSI,"3,905.00",INR,7.77,"54,173.00",INR
Swaraj Engines Ltd,SWARAJENG:NSI,"3,395.00",INR,5.96,"60,310.60",INR
Syncom Healthcare Ltd,SYNCOM:NSI,-17.80,INR,-4.04,422.75,INR
TAJ GVK Hotels and Resorts Ltd,TAJGVK:NSI,"1,015.00",INR,4.19,"25,235.00",INR
Take Solutions Ltd,TAKE:NSI,"3,311.55",INR,7.27,"48,856.50",INR
Tamilnadu Newsprint & Papers Ltd,TNPL:NSI,"1,001.00",INR,1.87,"54,670.00",INR
Tamilnadu Petroproducts Ltd,TNPETRO:NSI,"1,550.00",INR,11.67,"14,830.00",INR
Tata Coffee Ltd,TATACOFFEE:NSI,"1,476.80",INR,2.34,"64,604.80",INR
Tata Metaliks Ltd,TATAMETALI:NSI,"3,704.40",INR,10.03,"40,619.60",INR
Tata Sponge Iron Ltd,TATASPONGE:NSI,"3,503.70",INR,12.15,"32,337.40",INR
TD Power Systems Ltd,TDPOWERSYS:NSI,580.90,INR,3.90,"15,458.60",INR
Texmaco Rail & Engineering Ltd,TEXRAIL:NSI,"1,980.45",INR,4.10,"50,318.10",INR
Thiru Arooran Sugars Ltd,THIRUSUGAR:NSI,165.00,INR,11.70,"1,575.00",INR
Thirumalai Chemicals Ltd,TIRUMALCHM:NSI,"3,452.30",INR,10.17,"37,386.50",INR
Tide Water Oil Co India Ltd,TIDEWATER:NSI,-869.60,INR,-1.70,"50,155.60",INR
Tilaknagar Industries Ltd,TI:NSI,-347.50,INR,-8.31,"3,836.40",INR
Time Technoplast Ltd,TIMETECHNO:NSI,"1,940.40",INR,1.97,"100,195.20",INR
Tinplate Company of India Ltd,TINPLATE:NSI,"12,896.55",INR,24.10,"66,405.00",INR
Tips Industries Ltd,TIPSINDLTD:NSI,120.00,INR,5.36,"2,356.80",INR
Tourism Finance Corporation of India Ltd,TFCILTD:NSI,477.00,INR,1.87,"26,037.00",INR
Transport Corporation of India Ltd,TCI:NSI,324.90,INR,0.7044,"46,452.15",INR
Tree House Education and Accessories Ltd,TREEHOUSE:NSI,-32.90,INR,-2.52,"1,273.70",INR
Tribhovandas Bhimji Zaveri Ltd,TBZ:NSI,"2,182.85",INR,12.79,"19,243.35",INR
Trigyn Technologies Ltd,TRIGYN:NSI,576.20,INR,9.17,"6,860.80",INR
Triveni Engineering and Industries Ltd,TRIVENI:NSI,"8,050.00",INR,16.41,"57,097.50",INR
TV Today Network Ltd,TVTODAY:NSI,"5,286.75",INR,11.37,"51,796.85",INR
TVS Srichakra Ltd,TVSSRICHAK:NSI,-441.15,INR,-0.8457,"51,724.20",INR
UCAL Fuel Systems Ltd,UCALFUEL:NSI,"1,227.45",INR,13.67,"10,209.15",INR
Uflex Ltd,UFLEX:NSI,"1,923.95",INR,2.77,"71,266.65",INR
Unichem Laboratories Ltd,UNICHEMLAB:NSI,"3,522.05",INR,7.12,"53,023.60",INR
Unitech Ltd,UNITECH:NSI,"-2,913.50",INR,-7.19,"37,584.15",INR
Unity Infraprojects Ltd,UNITY:NSI,-121.05,INR,-8.41,"1,318.10",INR
Usha Martin Ltd,USHAMART:NSI,"1,731.45",INR,10.41,"18,366.95",INR
Uttam Sugar Mills Ltd,UTTAMSUGAR:NSI,"1,432.25",INR,9.75,"16,124.50",INR
V I P Industries Ltd,VIPIND:NSI,"7,103.25",INR,9.02,"85,837.50",INR
V L S Finance Ltd,VLSFINANCE:NSI,993.30,INR,16.36,"7,064.90",INR
V2 Retail Ltd,V2RETAIL:NSI,"2,104.50",INR,7.48,"30,249.60",INR
Vaibhav Global Ltd,VAIBHAVGBL:NSI,-127.75,INR,-0.3184,"39,989.40",INR
Value Industries Ltd,VALUEIND:NSI,-17.40,INR,-2.72,622.05,INR
Vardhman Holdings Ltd,VHL:NSI,119.70,INR,0.5209,"23,097.55",INR
Vardhman Polytex Ltd,VARDMNPOLY:NSI,-55.00,INR,-3.14,"1,697.50",INR
Venky's (India) Ltd,VENKEYS:NSI,"14,320.45",INR,23.09,"76,335.95",INR
Vesuvius India Ltd,VESUVIUS:NSI,450.00,INR,0.7552,"60,034.50",INR
Viceroy Hotels Ltd,VICEROY:NSI,32.90,INR,1.87,"1,795.40",INR
Vindhya Telelinks Ltd,VINDHYATEL:NSI,"2,410.20",INR,8.08,"32,227.00",INR
Vinyl Chemicals India Ltd,VINYLINDIA:NSI,383.35,INR,12.60,"3,425.55",INR
Visagar Polytex Ltd,VIVIDHA:NSI,27.40,INR,5.56,520.60,INR
Welspun Corp Ltd,WELCORP:NSI,"4,196.10",INR,5.37,"82,385.40",INR
West Coast Paper Mills Ltd,WSTCSTPAPR:NSI,786.45,INR,3.07,"26,386.50",INR
Wheels India Ltd,WHEELS:NSI,818.10,INR,2.06,"40,508.10",INR
Windsor Machines Ltd,WINDMACHIN:NSI,572.75,INR,7.05,"8,700.00",INR
Zandu Realty Ltd,ZANDUREALT:NSI,113.80,INR,4.61,"2,581.10",INR
Zee Learn Ltd,ZEELEARN:NSI,"2,454.80",INR,7.91,"33,500.80",INR
Zee Media Corporation Ltd,ZEEMEDIA:NSI,"2,517.60",INR,6.61,"40,596.30",INR
Zodiac Clothing Company Ltd,ZODIACLOTH:NSI,311.75,INR,3.81,"8,494.65",INR
Zuari Global Ltd,ZUARIGLOB:NSI,782.10,INR,9.33,"9,167.40",INR
