Name,Symbol,Last Price,Last Price_Currency,Today's value change,Today's value change_Currency,Holding value & quantity,Holding value & quantity_Currency,Total gain/loss,Total gain/loss_Currency,Net Asset Value,Net Asset Value_Currency
20 Microns Ltd,20MICRONS:NSI,40.80,INR,-27.65,INR,"3,223.20",INR,-71.10,INR,n/a,n/a
8K Miles Software Services Ltd,8KMILES:NSI,491.60,INR,-863.60,INR,"33,428.80",INR,"7,772.40",INR,n/a,n/a
Aarti Drugs Ltd,AARTIDRUGS:NSI,530.00,INR,-437.25,INR,"28,090.00",INR,530.00,INR,n/a,n/a
Aban Offshore Ltd,ABAN:NSI,187.95,INR,-331.50,INR,"24,433.50",INR,786.50,INR,n/a,n/a
Accelya Kale Solutions Ltd,ACCELYA:NSI,"1,459.70",INR,635.25,INR,"48,170.10",INR,"1,032.90",INR,n/a,n/a
Aditya Birla Money Ltd,BIRLAMONEY:NSI,82.95,INR,-117.80,INR,"10,285.80",INR,-303.80,INR,n/a,n/a
Adlabs Entertainment Ltd,ADLABS:NSI,69.15,INR,27.15,INR,"12,516.15",INR,615.40,INR,n/a,n/a
Ador Welding Ltd,ADORWELD:NSI,568.40,INR,-408.00,INR,"17,052.00",INR,"4,026.00",INR,n/a,n/a
Advani Hotels and Resorts India Ltd,ADVANIHOTR:NSI,58.85,INR,87.55,INR,"6,061.55",INR,267.80,INR,n/a,n/a
AGC Networks Ltd,AGCNET:NSI,117.70,INR,-37.80,INR,"7,415.10",INR,63.00,INR,n/a,n/a
Agro Tech Foods Ltd,ATFL:NSI,515.80,INR,-180.90,INR,"27,853.20",INR,523.80,INR,n/a,n/a
Ahluwalia Contracts (India) Ltd,AHLUCONT:NSI,294.50,INR,-670.50,INR,"43,880.50",INR,"-1,937.00",INR,n/a,n/a
Aksh Optifibre Ltd,AKSHOPTFBR:NSI,25.90,INR,-126.70,INR,"9,375.80",INR,"1,176.50",INR,n/a,n/a
Alembic Ltd,ALEMBICLTD:NSI,38.65,INR,-297.50,INR,"22,996.75",INR,59.50,INR,n/a,n/a
Allied Digital Services Ltd,ADSL:NSI,22.70,INR,44.80,INR,"2,542.40",INR,352.80,INR,n/a,n/a
Alok Industries Ltd,ALOKTEXT:NSI,3.10,INR,613.60,INR,"9,510.80",INR,920.40,INR,n/a,n/a
Alpa Laboratories Ltd,ALPA:NSI,29.80,INR,-25.85,INR,"1,400.60",INR,30.55,INR,n/a,n/a
Amtek Auto Ltd,AMTEKAUTO:NSI,22.65,INR,-138.25,INR,"12,525.45",INR,-248.85,INR,n/a,n/a
Anant Raj Ltd,ANANTRAJ:NSI,53.30,INR,-131.40,INR,"35,018.10",INR,"-1,116.90",INR,n/a,n/a
Andhra Sugars Ltd,ANDHRSUGAR:NSI,502.75,INR,-438.00,INR,"30,165.00",INR,"5,835.00",INR,n/a,n/a
Ansal Housing and Construction Ltd,ANSALHSG:NSI,20.85,INR,-19.80,INR,"2,752.20",INR,0.00,INR,n/a,n/a
Ansal Properties and Infrastructure Ltd,ANSALAPI:NSI,21.10,INR,17.55,INR,"7,406.10",INR,-52.65,INR,n/a,n/a
APL Apollo Tubes Ltd,APLAPOLLO:NSI,"1,894.05",INR,532.65,INR,"100,384.65",INR,"10,888.85",INR,n/a,n/a
Aptech Ltd,APTECHT:NSI,311.90,INR,-427.20,INR,"27,759.10",INR,"2,603.25",INR,n/a,n/a
Archies Ltd,ARCHIES:NSI,31.80,INR,-67.50,INR,"2,385.00",INR,157.50,INR,n/a,n/a
Aries Agro Ltd,ARIES:NSI,172.45,INR,95.70,INR,"5,001.05",INR,685.85,INR,n/a,n/a
ARSS Infrastructure Projects Ltd,ARSSINFRA:NSI,49.15,INR,-56.10,INR,"2,506.65",INR,-17.85,INR,n/a,n/a
Ashiana Housing Ltd,ASHIANA:NSI,174.10,INR,843.60,INR,"39,694.80",INR,"1,812.60",INR,n/a,n/a
Assam Company India Ltd,ASSAMCO:NSI,4.30,INR,69.00,INR,"2,967.00",INR,172.50,INR,n/a,n/a
Astrazeneca Pharma India Ltd,ASTRAZEN:NSI,951.40,INR,78.40,INR,"53,278.40",INR,"2,189.60",INR,n/a,n/a
Atlas Cycles Haryana Ltd,ATLASCYCLE:NSI,417.90,INR,47.60,INR,"2,925.30",INR,187.95,INR,n/a,n/a
Autoline Industries Ltd,AUTOIND:NSI,78.55,INR,-88.20,INR,"2,827.80",INR,27.00,INR,n/a,n/a
Automotive Axles Ltd,AUTOAXLES:NSI,895.50,INR,-195.50,INR,"30,447.00",INR,870.40,INR,n/a,n/a
B L Kashyap and Sons Ltd,BLKASHYAP:NSI,41.85,INR,72.00,INR,"20,088.00",INR,-504.00,INR,n/a,n/a
Bajaj Hindusthan Sugar Ltd,BAJAJHIND:NSI,14.65,INR,378.75,INR,"36,991.25",INR,"2,651.25",INR,n/a,n/a
Balaji Telefilms Ltd,BALAJITELE:NSI,156.25,INR,281.25,INR,"35,156.25",INR,832.50,INR,n/a,n/a
Ballarpur Industries Ltd,BALLARPUR:NSI,12.30,INR,0.00,INR,"35,436.30",INR,"-1,008.35",INR,n/a,n/a
Balmer Lawrie and Company Ltd,BALMLAWRIE:NSI,222.50,INR,"-1,143.00",INR,"56,515.00",INR,"1,282.70",INR,n/a,n/a
Banco Products India Ltd,BANCOINDIA:NSI,219.70,INR,-397.50,INR,"34,932.30",INR,"1,764.90",INR,n/a,n/a
Bannari Amman Sugars Ltd,BANARISUG:NSI,"2,283.95",INR,935.20,INR,"63,950.60",INR,-351.40,INR,n/a,n/a
Bf Utilities Limitd,BFUTILITIE:NSI,409.70,INR,-625.80,INR,"34,414.80",INR,"1,339.80",INR,n/a,n/a
BGR Energy Systems Ltd,BGRENERGY:NSI,132.95,INR,-185.15,INR,"21,404.95",INR,354.20,INR,n/a,n/a
Bhansali Engg Polymers Ltd,BEPL:NSI,113.00,INR,"-1,110.00",INR,"41,810.00",INR,"11,618.00",INR,n/a,n/a
Bharat Bijlee Ltd,BBL:NSI,"1,110.60",INR,31.20,INR,"14,437.80",INR,120.90,INR,n/a,n/a
Bhartiya International Ltd,BIL:NSI,625.35,INR,-85.05,INR,"16,884.45",INR,"1,017.90",INR,n/a,n/a
Binani Industries Ltd,BINANIIND:NSI,77.90,INR,98.00,INR,"5,453.00",INR,378.00,INR,n/a,n/a
Birla Cable Ltd,BIRLACABLE:NSI,49.70,INR,261.30,INR,"3,329.90",INR,576.20,INR,n/a,n/a
Bliss GVS Pharma Ltd,BLISSGVS:NSI,157.00,INR,-448.50,INR,"36,110.00",INR,-517.50,INR,n/a,n/a
Bombay Dyeing and Mfg Co Ltd,BOMDYEING:NSI,207.75,INR,"-2,461.00",INR,"95,565.00",INR,"14,490.00",INR,n/a,n/a
Bombay Rayon Fashions Ltd,BRFL:NSI,118.65,INR,"-1,826.00",INR,"78,783.60",INR,"-4,714.40",INR,n/a,n/a
BPL Ltd,BPL:NSI,67.90,INR,-27.25,INR,"7,401.10",INR,190.75,INR,n/a,n/a
Brigade Enterprises Ltd,BRIGADE:NSI,263.10,INR,-679.50,INR,"79,456.20",INR,"4,077.00",INR,n/a,n/a
BSL Ltd,BSL:NSI,63.30,INR,5.75,INR,"1,455.90",INR,46.00,INR,n/a,n/a
Castex Technologies Ltd,CASTEXTECH:NSI,5.15,INR,-84.20,INR,"4,336.30",INR,-210.50,INR,n/a,n/a
Century Enka Ltd,CENTENKA:NSI,335.20,INR,124.95,INR,"16,424.80",INR,"1,315.65",INR,n/a,n/a
Cinevista Ltd,CINEVISTA:NSI,22.15,INR,134.40,INR,"2,835.20",INR,806.40,INR,n/a,n/a
Clariant Chemicals India Ltd,CLNINDIA:NSI,610.75,INR,242.25,INR,"31,148.25",INR,"1,858.95",INR,n/a,n/a
Consolidated Finvest & Holdings Ltd,CONSOFINVT:NSI,63.60,INR,-18.00,INR,"4,579.20",INR,-162.00,INR,n/a,n/a
Cosmo Films Ltd,COSMOFILMS:NSI,396.40,INR,210.70,INR,"17,045.20",INR,623.50,INR,n/a,n/a
Creative Eye Ltd,CREATIVEYE:NSI,4.00,INR,6.75,INR,180.00,INR,-11.25,INR,n/a,n/a
Cybertech Systems and Software Ltd,CYBERTECH:NSI,74.25,INR,51.85,INR,"4,529.25",INR,"1,085.80",INR,n/a,n/a
D S Kulkarni Developers Ltd,DSKULKARNI:NSI,24.75,INR,-8.55,INR,"1,410.75",INR,-54.15,INR,n/a,n/a
Dalmia Bharat Sugar and Industries Ltd,DALMIASUG:NSI,177.05,INR,-45.00,INR,"31,869.00",INR,"4,941.00",INR,n/a,n/a
DCW Ltd,DCW:NSI,43.85,INR,-953.55,INR,"21,442.65",INR,"4,401.00",INR,n/a,n/a
De Nora India Ltd,DENORA:NSI,246.20,INR,-21.60,INR,"2,954.40",INR,-56.40,INR,n/a,n/a
Deepak Fertilisers and Petrochemicals Corp Ltd,DEEPAKFERT:NSI,435.15,INR,29.40,INR,"85,289.40",INR,"12,857.60",INR,n/a,n/a
DEN Networks Ltd,DEN:NSI,86.00,INR,-152.60,INR,"37,496.00",INR,"-1,635.00",INR,n/a,n/a
Dhampur Sugar Mills Ltd,DHAMPURSUG:NSI,293.80,INR,"-1,006.40",INR,"43,482.40",INR,"5,224.40",INR,n/a,n/a
Dhanlaxmi Bank Ltd,DHANBANK:NSI,37.45,INR,-84.60,INR,"21,121.80",INR,169.20,INR,n/a,n/a
DIC India Ltd,DICIND:NSI,517.50,INR,-30.00,INR,"10,350.00",INR,585.00,INR,n/a,n/a
DIGJAM Ltd,DIGJAMLTD:NSI,12.10,INR,-107.25,INR,"2,359.50",INR,253.50,INR,n/a,n/a
D-Link India Ltd,DLINKINDIA:NSI,123.45,INR,217.25,INR,"9,752.55",INR,"1,429.90",INR,n/a,n/a
Donear Industries Ltd,DONEAR:NSI,58.90,INR,-266.80,INR,"13,664.80",INR,603.20,INR,n/a,n/a
Dredging Corporation of India Ltd,DREDGECORP:NSI,549.50,INR,"-1,221.40",INR,"34,069.00",INR,-89.90,INR,n/a,n/a
Dwarikesh Sugar Industries Ltd,DWARKESH:NSI,76.60,INR,-712.30,INR,"32,095.40",INR,"5,928.85",INR,n/a,n/a
Dynamatic Technologies Ltd,DYNAMATECH:NSI,"2,100.55",INR,-174.30,INR,"29,407.70",INR,-728.00,INR,n/a,n/a
ECE Industries Ltd,ECEIND:NSI,205.35,INR,-57.60,INR,"3,285.60",INR,-9.60,INR,n/a,n/a
Educomp Solutions Ltd,EDUCOMP:NSI,5.45,INR,13.65,INR,"1,487.85",INR,-136.50,INR,n/a,n/a
Elecon Engineering Company Ltd,ELECON:NSI,67.35,INR,87.50,INR,"16,837.50",INR,"2,437.50",INR,n/a,n/a
Electrosteel Castings Ltd,ELECTCAST:NSI,29.00,INR,"2,663.25",INR,"23,055.00",INR,"4,134.00",INR,n/a,n/a
ELGI Rubber Co Ltd,ELGIRUBCO:NSI,41.00,INR,-22.20,INR,"4,551.00",INR,-149.85,INR,n/a,n/a
Energy Development Company Ltd,ENERGYDEV:NSI,22.50,INR,-42.40,INR,"2,385.00",INR,174.90,INR,n/a,n/a
Eros International Media Ltd,EROSMEDIA:NSI,222.95,INR,"-1,480.50",INR,"46,819.50",INR,"2,572.50",INR,n/a,n/a
ESAB India Ltd,ESABINDIA:NSI,870.10,INR,-472.60,INR,"29,583.40",INR,"4,423.40",INR,n/a,n/a
Ess Dee Aluminium Ltd,ESSDEE:NSI,37.30,INR,-173.95,INR,"2,648.30",INR,-170.40,INR,n/a,n/a
Eveready Industries India Ltd,EVEREADY:NSI,339.80,INR,"1,101.60",INR,"55,047.60",INR,"7,087.50",INR,n/a,n/a
Everest Industries Ltd,EVERESTIND:NSI,414.70,INR,23.80,INR,"14,099.80",INR,"2,410.60",INR,n/a,n/a
Everest Kanto Cylinder Ltd,EKC:NSI,40.55,INR,150.00,INR,"10,137.50",INR,"1,900.00",INR,n/a,n/a
Excel Industries Ltd,EXCELINDUS:NSI,466.10,INR,-389.20,INR,"13,050.80",INR,"1,327.20",INR,n/a,n/a
Flexituff International Ltd,FLEXITUFF:NSI,79.20,INR,-159.50,INR,"4,356.00",INR,192.50,INR,n/a,n/a
Foseco India Ltd,FOSECOIND:NSI,"1,334.45",INR,-77.70,INR,"18,682.30",INR,272.30,INR,n/a,n/a
Future Enterprises Ltd,FEL:NSI,50.50,INR,-675.50,INR,"48,732.50",INR,-579.00,INR,n/a,n/a
Gabriel India Ltd,GABRIEL:NSI,201.70,INR,992.00,INR,"64,544.00",INR,"1,456.00",INR,n/a,n/a
Gammon India Ltd,GAMMONIND:NSI,6.25,INR,-164.60,INR,"5,143.75",INR,-205.75,INR,n/a,n/a
Gammon Infrastructure Projects Ltd,GAMMNINFRA:NSI,2.80,INR,314.70,INR,"5,874.40",INR,-314.70,INR,n/a,n/a
Garware Wall Ropes Ltd,GARWALLROP:NSI,909.45,INR,240.10,INR,"44,563.05",INR,"1,452.85",INR,n/a,n/a
Gateway Distriparks Ltd,GDL:NSI,239.80,INR,677.60,INR,"58,031.60",INR,"2,819.30",INR,n/a,n/a
Gati Ltd,GATI:NSI,116.55,INR,638.65,INR,"28,088.55",INR,"2,349.75",INR,n/a,n/a
Gayatri Projects Ltd,GAYAPROJ:NSI,193.25,INR,454.25,INR,"76,333.75",INR,"5,865.75",INR,n/a,n/a
Geojit Financial Services Ltd,GEOJITFSL:NSI,136.05,INR,"-3,168.00",INR,"71,834.40",INR,"6,784.80",INR,n/a,n/a
GHCL Ltd,GHCL:NSI,241.15,INR,"-1,695.60",INR,"52,088.40",INR,"6,620.40",INR,n/a,n/a
Gitanjali Gems Ltd,GITANJALI:NSI,69.55,INR,264.00,INR,"18,361.20",INR,"1,148.40",INR,n/a,n/a
Global Offshore Services Ltd,GLOBOFFS:NSI,47.70,INR,346.50,INR,"2,623.50",INR,759.00,INR,n/a,n/a
Gokaldas Exports Ltd,GOKEX:NSI,124.55,INR,-304.20,INR,"9,714.90",INR,"1,333.80",INR,n/a,n/a
Graphite India Ltd,GRAPHITE:NSI,457.45,INR,"3,828.00",INR,"198,990.75",INR,"37,301.25",INR,n/a,n/a
GTN Industries Ltd,GTNIND:NSI,17.60,INR,-13.65,INR,686.40,INR,33.15,INR,n/a,n/a
Gujarat Ambuja Exports Ltd,GAEL:NSI,161.95,INR,-777.75,INR,"41,297.25",INR,"5,151.00",INR,n/a,n/a
Gujarat Industries Power Company Ltd,GIPCL:NSI,143.10,INR,-320.15,INR,"48,224.70",INR,"4,532.65",INR,n/a,n/a
Gujarat NRE Coke Ltd,GUJNRECOKE:NSI,1.45,INR,-178.70,INR,"5,182.30",INR,-357.40,INR,n/a,n/a
GVK Power & Infrastructure Ltd,GVKPIL:NSI,11.80,INR,-175.90,INR,"41,512.40",INR,351.80,INR,n/a,n/a
Harrisons Malayalam Ltd,HARRMALAYA:NSI,77.15,INR,6.15,INR,"3,163.15",INR,153.75,INR,n/a,n/a
HCL Infosystems Ltd,HCL-INSYS:NSI,48.75,INR,-223.65,INR,"24,228.75",INR,646.10,INR,n/a,n/a
HEG Ltd,HEG:NSI,"1,302.15",INR,"6,781.80",INR,"115,891.35",INR,"32,836.55",INR,n/a,n/a
Heritage Foods Ltd,HERITGFOOD:NSI,789.15,INR,"-13,415.40",INR,"823,872.60",INR,"68,277.60",INR,n/a,n/a
Hikal Ltd,HIKAL:NSI,247.60,INR,-439.20,INR,"45,310.80",INR,"6,514.80",INR,n/a,n/a
Himachal Futuristic Communications Ltd,HFCL:NSI,26.00,INR,"1,104.40",INR,"71,786.00",INR,"5,245.90",INR,n/a,n/a
Hinduja Ventures Ltd,HINDUJAVEN:NSI,495.10,INR,154.10,INR,"22,774.60",INR,782.00,INR,n/a,n/a
Hindustan Media Ventures Ltd,HMVL:NSI,250.05,INR,497.15,INR,"40,758.15",INR,-138.55,INR,n/a,n/a
Hindustan Oil Exploration Company Ltd,HINDOILEXP:NSI,95.45,INR,-480.15,INR,"27,775.95",INR,"2,342.55",INR,n/a,n/a
Honda Siel Power Products Ltd,HONDAPOWER:NSI,"1,310.45",INR,-196.65,INR,"30,140.35",INR,123.05,INR,n/a,n/a
HSIL Ltd,HSIL:NSI,442.80,INR,"-1,642.20",INR,"71,290.80",INR,"8,677.90",INR,n/a,n/a
HT Media Ltd,HTMEDIA:NSI,94.05,INR,-673.40,INR,"48,717.90",INR,181.30,INR,n/a,n/a
Hubtown Ltd,HUBTOWN:NSI,109.05,INR,-178.20,INR,"17,666.10",INR,226.80,INR,n/a,n/a
I G Petrochemicals Ltd,IGPL:NSI,756.30,INR,-186.30,INR,"52,184.70",INR,"9,076.95",INR,n/a,n/a
IFB Industries Ltd,IFBIND:NSI,795.40,INR,"1,440.00",INR,"71,586.00",INR,"6,619.50",INR,n/a,n/a
Igarashi Motors India Ltd,IGARASHI:NSI,927.50,INR,503.20,INR,"63,070.00",INR,"1,870.00",INR,n/a,n/a
IL&FS Engineering and Construction Co Ltd,FSENGG:NSI,35.75,INR,-408.80,INR,"10,439.00",INR,963.60,INR,n/a,n/a
IND Swift Laboratories Ltd,INDSWFTLAB:NSI,33.60,INR,-65.65,INR,"3,393.60",INR,40.40,INR,n/a,n/a
India Glycols Ltd,INDIAGLYCO:NSI,322.65,INR,-831.45,INR,"22,262.85",INR,"5,413.05",INR,n/a,n/a
India Nippon Electricals Ltd,INDNIPPON:NSI,"1,101.20",INR,-95.00,INR,"27,530.00",INR,"1,453.75",INR,n/a,n/a
Indiabulls Ventures Ltd,IBVENTURES:NSI,281.80,INR,"-7,978.50",INR,"277,573.00",INR,"25,954.75",INR,n/a,n/a
Indian Card Clothing Company Ltd,INDIANCARD:NSI,178.65,INR,56.50,INR,"1,786.50",INR,42.50,INR,n/a,n/a
Indian Metals and Ferro Alloys Ltd,IMFA:NSI,736.45,INR,-21.00,INR,"44,187.00",INR,"6,630.00",INR,n/a,n/a
Indo Rama Synthetics (India) Ltd,INDORAMA:NSI,35.00,INR,-895.70,INR,"11,830.00",INR,"2,856.10",INR,n/a,n/a
Indoco Remedies Ltd,INDOCO:NSI,247.10,INR,"-2,890.50",INR,"50,655.50",INR,"7,933.50",INR,n/a,n/a
Indraprastha Medical Corporation Ltd,INDRAMEDCO:NSI,51.85,INR,-71.40,INR,"10,577.40",INR,204.00,INR,n/a,n/a
INEOS Styrolution India Ltd,INEOSSTYRO:NSI,"1,042.25",INR,-401.70,INR,"40,647.75",INR,"5,826.60",INR,n/a,n/a
Infinite Computer Solutions (India) Ltd,INFINITE:NSI,215.75,INR,203.50,INR,"15,965.50",INR,418.10,INR,n/a,n/a
Ingersoll-Rand (India) Ltd,INGERRAND:NSI,808.15,INR,696.50,INR,"56,570.50",INR,"2,355.50",INR,n/a,n/a
INOX Leisure Ltd,INOXLEISUR:NSI,242.90,INR,"2,117.75",INR,"52,223.50",INR,"1,666.25",INR,n/a,n/a
Intellect Design Arena Ltd,INTELLECT:NSI,132.85,INR,-544.05,INR,"37,065.15",INR,"3,822.30",INR,n/a,n/a
International Paper APPM Ltd,IPAPPM:NSI,293.15,INR,-342.65,INR,"26,090.35",INR,462.80,INR,n/a,n/a
Intrasoft Technologies Ltd,ISFT:NSI,497.40,INR,196.35,INR,"16,414.20",INR,277.20,INR,n/a,n/a
IOL Chemicals and Pharmaceuticals Ltd,IOLCP:NSI,47.15,INR,0.00,INR,"5,893.75",INR,-131.25,INR,n/a,n/a
ITD Cementation India Ltd,ITDCEM:NSI,169.85,INR,-51.90,INR,"58,768.10",INR,-622.80,INR,n/a,n/a
IVRCL Ltd,IVRCLINFRA:NSI,4.25,INR,0.00,INR,"7,412.00",INR,174.40,INR,n/a,n/a
J Kumar Infraprojects Ltd,JKIL:NSI,221.00,INR,"-1,183.00",INR,"37,349.00",INR,"2,704.00",INR,n/a,n/a
Jagson Pal Pharmaceuticals Ltd,JAGSNPHARM:NSI,32.90,INR,-73.75,INR,"1,941.10",INR,138.65,INR,n/a,n/a
Jai Corp Ltd,JAICORPLTD:NSI,121.55,INR,-913.10,INR,"48,255.35",INR,"5,260.25",INR,n/a,n/a
Jain Studios Ltd,JAINSTUDIO:NSI,4.85,INR,0.00,INR,310.40,INR,9.60,INR,n/a,n/a
Jay Shree Tea and Industries Ltd,JAYSREETEA:NSI,93.30,INR,-70.40,INR,"5,971.20",INR,60.80,INR,n/a,n/a
Jaypee Infratech Ltd,JPINFRATEC:NSI,14.30,INR,"1,082.90",INR,"44,244.20",INR,"4,022.20",INR,n/a,n/a
JBF Industries Ltd,JBFIND:NSI,192.15,INR,172.90,INR,"34,971.30",INR,"7,425.60",INR,n/a,n/a
Jindal Photo Ltd,JINDALPHOT:NSI,94.20,INR,-165.60,INR,"2,166.60",INR,604.90,INR,n/a,n/a
Jindal Poly Films Ltd,JINDALPOLY:NSI,386.30,INR,274.40,INR,"37,857.40",INR,"2,136.40",INR,n/a,n/a
Jindal SAW Ltd,JINDALSAW:NSI,123.15,INR,"-1,210.40",INR,"87,682.80",INR,"7,654.00",INR,n/a,n/a
JMT Auto Ltd,JMTAUTOLTD:NSI,3.60,INR,56.10,INR,"4,039.20",INR,-56.10,INR,n/a,n/a
JSW Holdings Ltd,JSWHL:NSI,"1,903.75",INR,-130.00,INR,"47,593.75",INR,"1,616.25",INR,n/a,n/a
Jyoti Structures Ltd,JYOTISTRUC:NSI,10.50,INR,-12.20,INR,"2,562.00",INR,-122.00,INR,n/a,n/a
K S B Pumps Ltd,KSBPUMPS:NSI,753.40,INR,421.20,INR,"58,765.20",INR,"1,388.40",INR,n/a,n/a
Kakatiya Cement Sugar and Industries Ltd,KAKATCEM:NSI,379.20,INR,5.10,INR,"6,446.40",INR,524.45,INR,n/a,n/a
Kalyani Steels Ltd,KSL:NSI,408.05,INR,-14.55,INR,"39,580.85",INR,"1,838.15",INR,n/a,n/a
Kanoria Chemicals and Industries Ltd,KANORICHEM:NSI,88.90,INR,92.15,INR,"8,623.30",INR,528.65,INR,n/a,n/a
Karuturi Global Ltd,KGL:NSI,1.25,INR,166.80,INR,"4,170.00",INR,166.80,INR,n/a,n/a
KCP Ltd,KCP:NSI,121.25,INR,-200.90,INR,"34,798.75",INR,"2,052.05",INR,n/a,n/a
Kesoram Industries Ltd,KESORAMIND:NSI,125.50,INR,-319.70,INR,"34,889.00",INR,152.90,INR,n/a,n/a
Kewal Kiran Clothing Ltd,KKCL:NSI,"1,751.20",INR,"1,652.40",INR,"47,282.40",INR,"1,296.00",INR,n/a,n/a
Kirloskar Brothers Ltd,KIRLOSBROS:NSI,258.60,INR,106.20,INR,"45,772.20",INR,"3,814.35",INR,n/a,n/a
Kirloskar Industries Ltd,KIRLOSIND:NSI,"1,568.10",INR,"1,277.10",INR,"34,498.20",INR,"2,378.20",INR,n/a,n/a
Kitex Garments Ltd,KITEX:NSI,221.50,INR,473.60,INR,"32,782.00",INR,"1,487.40",INR,n/a,n/a
KNR Constructions Ltd,KNRCON:NSI,208.45,INR,453.85,INR,"65,244.85",INR,359.95,INR,n/a,n/a
Kohinoor Foods Ltd,KOHINOOR:NSI,72.45,INR,-3.90,INR,"5,651.10",INR,206.70,INR,n/a,n/a
Kolte Patil Developers Ltd,KOLTEPATIL:NSI,226.10,INR,"1,563.25",INR,"38,210.90",INR,"7,850.05",INR,n/a,n/a
Kopran Ltd,KOPRAN:NSI,71.45,INR,-14.40,INR,"6,859.20",INR,326.40,INR,n/a,n/a
Kothari Products Ltd,KOTHARIPRO:NSI,184.30,INR,99.00,INR,"12,163.80",INR,435.60,INR,n/a,n/a
KPIT Technologies Ltd,KPIT:NSI,128.25,INR,-770.00,INR,"56,430.00",INR,"3,212.00",INR,n/a,n/a
KSK Energy Ventures Ltd,KSK:NSI,10.25,INR,-283.20,INR,"9,676.00",INR,330.40,INR,n/a,n/a
Lakshmi Energy And Foods Ltd,LAKSHMIEFL:NSI,30.20,INR,-124.80,INR,"4,711.20",INR,-54.60,INR,n/a,n/a
Lanco Infratech Ltd,LITL:NSI,0.80,INR,-369.10,INR,"5,905.60",INR,0.00,INR,n/a,n/a
LG Balakrishnan & Bros Ltd,LGBBROSLTD:NSI,864.75,INR,"1,671.25",INR,"30,266.25",INR,"6,349.00",INR,n/a,n/a
Lovable Lingerie Ltd,LOVABLE:NSI,231.85,INR,-59.20,INR,"8,578.45",INR,-514.30,INR,n/a,n/a
Lumax Industries Ltd,LUMAXIND:NSI,"1,513.95",INR,-547.05,INR,"31,792.95",INR,"5,737.20",INR,n/a,n/a
Magma Fincorp Ltd,MAGMA:NSI,178.40,INR,"-1,927.20",INR,"94,195.20",INR,"4,435.20",INR,n/a,n/a
Mahanagar Telephone Nigam Ltd,MTNL:NSI,20.05,INR,70.15,INR,"28,130.15",INR,491.05,INR,n/a,n/a
Maharashtra Scooters Ltd,MAHSCOOTER:NSI,"2,756.15",INR,157.50,INR,"68,903.75",INR,"-2,585.00",INR,n/a,n/a
Maharashtra Seamless Ltd,MAHSEAMLES:NSI,460.00,INR,298.00,INR,"68,540.00",INR,"6,086.65",INR,n/a,n/a
Mahindra Lifespace Developers Ltd,MAHLIFE:NSI,457.85,INR,-359.10,INR,"52,194.90",INR,-433.20,INR,n/a,n/a
Man Industries India Ltd,MANINDS:NSI,105.05,INR,-571.50,INR,"13,341.35",INR,"2,597.15",INR,n/a,n/a
Man Infraconstruction Ltd,MANINFRA:NSI,63.90,INR,110.20,INR,"35,208.90",INR,"2,121.35",INR,n/a,n/a
Manali Petrochemicals Ltd,MANALIPETC:NSI,35.55,INR,114.90,INR,"13,615.65",INR,"1,187.30",INR,n/a,n/a
Mandhana Industries Ltd,MANDHANA:NSI,7.80,INR,7.40,INR,577.20,INR,0.00,INR,n/a,n/a
Mangalam Cement Ltd,MANGLMCEM:NSI,370.00,INR,90.85,INR,"29,230.00",INR,"2,421.35",INR,n/a,n/a
Maral Overseas Ltd,MARALOVER:NSI,43.25,INR,-161.00,INR,"3,979.00",INR,556.60,INR,n/a,n/a
Marksans Pharma Ltd,MARKSANS:NSI,45.60,INR,-592.80,INR,"41,587.20",INR,"2,827.20",INR,n/a,n/a
Mastek Ltd,MASTEK:NSI,332.40,INR,384.80,INR,"17,284.80",INR,"2,470.00",INR,n/a,n/a
Mayur Uniquoters Ltd,MAYURUNIQ:NSI,405.40,INR,244.80,INR,"41,350.80",INR,"4,207.50",INR,n/a,n/a
MBL Infrastructures Ltd,MBLINFRA:NSI,26.05,INR,4.60,INR,"2,396.60",INR,372.60,INR,n/a,n/a
McLeod Russel India Ltd,MCLEODRUSS:NSI,161.95,INR,-402.60,INR,"39,515.80",INR,-378.20,INR,n/a,n/a
Mercator Ltd,MERCATOR:NSI,37.15,INR,-210.35,INR,"22,327.15",INR,0.00,INR,n/a,n/a
Merck Ltd,MERCK:NSI,"1,034.70",INR,-381.10,INR,"38,283.90",INR,-209.05,INR,n/a,n/a
Metalyst Forgings Ltd,METALFORGE:NSI,26.90,INR,24.25,INR,"2,609.30",INR,48.50,INR,n/a,n/a
MIRC Electronics Ltd,MIRCELECTR:NSI,34.10,INR,-165.20,INR,"16,095.20",INR,"3,233.20",INR,n/a,n/a
Mirza International Ltd,MIRZAINT:NSI,162.25,INR,94.15,INR,"43,645.25",INR,928.05,INR,n/a,n/a
Monnet Ispat and Energy Ltd,MONNETISPA:NSI,29.70,INR,89.60,INR,"13,305.60",INR,-134.40,INR,n/a,n/a
Morepen Laboratories Ltd,MOREPENLAB:NSI,16.90,INR,-351.05,INR,"16,950.70",INR,952.85,INR,n/a,n/a
MPS Ltd,MPSLTD:NSI,577.85,INR,-129.15,INR,"23,691.85",INR,-287.00,INR,n/a,n/a
MT Educare Ltd,MTEDUCARE:NSI,61.00,INR,-4.45,INR,"5,429.00",INR,440.55,INR,n/a,n/a
Mukand Ltd,MUKANDLTD:NSI,99.70,INR,"-1,323.00",INR,"31,405.50",INR,"3,244.50",INR,n/a,n/a
Mukta Arts Ltd,MUKTAARTS:NSI,96.60,INR,130.00,INR,"4,830.00",INR,250.00,INR,n/a,n/a
Munjal Auto Industries Ltd,MUNJALAU:NSI,79.70,INR,-89.20,INR,"17,773.10",INR,"2,709.45",INR,n/a,n/a
Munjal Showa Ltd,MUNJALSHOW:NSI,272.85,INR,-458.35,INR,"24,283.65",INR,"1,650.95",INR,n/a,n/a
Nagarjuna Fertilizers and Chemicals Ltd,NAGAFERT:NSI,16.30,INR,-266.40,INR,"21,711.60",INR,932.40,INR,n/a,n/a
Nahar Industrial Enterprises Ltd,NAHARINDUS:NSI,103.70,INR,249.20,INR,"9,229.30",INR,921.15,INR,n/a,n/a
Nahar Poly Films Ltd,NAHARPOLY:NSI,53.25,INR,13.75,INR,"2,928.75",INR,41.25,INR,n/a,n/a
Nahar Spinning Mills Ltd,NAHARSPING:NSI,109.25,INR,80.00,INR,"8,740.00",INR,612.00,INR,n/a,n/a
Nava Bharat Ventures Ltd,NBVENTURES:NSI,125.05,INR,-855.70,INR,"49,769.90",INR,318.40,INR,n/a,n/a
Navkar Corporation Ltd,NAVKARCORP:NSI,191.75,INR,556.50,INR,"60,976.50",INR,"2,909.70",INR,n/a,n/a
Nelco Ltd,NELCO:NSI,111.80,INR,71.40,INR,"5,701.80",INR,-430.95,INR,n/a,n/a
Next Mediaworks Ltd,NEXTMEDIA:NSI,24.55,INR,44.70,INR,"3,657.95",INR,975.95,INR,n/a,n/a
NIIT Ltd,NIITLTD:NSI,103.05,INR,129.50,INR,"38,128.50",INR,"1,517.00",INR,n/a,n/a
NIIT Technologies Ltd,NIITTECH:NSI,623.45,INR,"1,678.25",INR,"85,412.65",INR,"11,083.30",INR,n/a,n/a
Nitin Fire Protection Industries Ltd,NITINFIRE:NSI,7.20,INR,195.30,INR,"4,687.20",INR,"-1,334.55",INR,n/a,n/a
Nocil Ltd,NOCIL:NSI,167.95,INR,-750.30,INR,"61,469.70",INR,"9,296.40",INR,n/a,n/a
Noida Toll Bridge Company Ltd,NOIDATOLL:NSI,14.15,INR,-20.75,INR,"5,872.25",INR,-145.25,INR,n/a,n/a
NRB Bearings Ltd,NRBBEARING:NSI,136.75,INR,-507.60,INR,"29,538.00",INR,"3,866.40",INR,n/a,n/a
Oil Country Tubular Ltd,OILCOUNTUB:NSI,46.20,INR,49.50,INR,"4,573.80",INR,188.10,INR,n/a,n/a
Omax Autos Ltd,OMAXAUTO:NSI,70.80,INR,96.00,INR,"3,398.40",INR,338.40,INR,n/a,n/a
Onelife Capital Advisors Ltd,ONELIFECAP:NSI,24.85,INR,-7.50,INR,745.50,INR,13.50,INR,n/a,n/a
Onward Technologies Ltd,ONWARDTEC:NSI,159.10,INR,-47.60,INR,"5,409.40",INR,980.90,INR,n/a,n/a
Opto Circuits (India) Ltd,OPTOCIRCUI:NSI,7.05,INR,0.00,INR,"3,807.00",INR,-216.00,INR,n/a,n/a
Orient Cement Ltd,ORIENTCEM:NSI,157.55,INR,"2,257.20",INR,"71,842.80",INR,"6,384.00",INR,n/a,n/a
Orient Paper and Industries Ltd,ORIENTPPR:NSI,103.15,INR,-802.40,INR,"48,686.80",INR,"2,076.80",INR,n/a,n/a
Oriental Hotels Ltd,ORIENTHOT:NSI,36.15,INR,-676.60,INR,"14,387.70",INR,-378.10,INR,n/a,n/a
Orissa Minerals Development Company Ltd,ORISSAMINE:NSI,"1,758.15",INR,-76.05,INR,"22,855.95",INR,365.95,INR,n/a,n/a
Ortin Laboratories Ltd,ORTINLABSS:NSI,16.80,INR,-7.60,INR,638.40,INR,11.40,INR,n/a,n/a
Panacea Biotec Ltd,PANACEABIO:NSI,223.10,INR,401.20,INR,"30,341.60",INR,"1,992.40",INR,n/a,n/a
Pansari Developers Ltd,PANSARI:NSI,21.75,INR,0.00,INR,848.25,INR,0.00,INR,n/a,n/a
Parag Milk Foods Ltd,PARAGMILK:NSI,262.80,INR,"-1,140.70",INR,"49,143.60",INR,"3,160.30",INR,n/a,n/a
Parsvnath Developers Ltd,PARSVNATH:NSI,22.30,INR,193.80,INR,"21,608.70",INR,"1,453.50",INR,n/a,n/a
Patel Engineering Ltd,PATELENG:NSI,78.05,INR,227.50,INR,"27,317.50",INR,"1,662.50",INR,n/a,n/a
Patspin India Ltd,PATSPINLTD:NSI,25.05,INR,-10.35,INR,"1,728.45",INR,51.75,INR,n/a,n/a
Pearl Global Industries Ltd,PGIL:NSI,151.90,INR,-100.80,INR,"7,291.20",INR,300.00,INR,n/a,n/a
Peninsula Land Ltd,PENINLAND:NSI,27.95,INR,528.70,INR,"17,384.90",INR,"2,674.60",INR,n/a,n/a
Phillips Carbon Black Ltd,PHILIPCARB:NSI,912.30,INR,177.10,INR,"70,247.10",INR,"8,235.15",INR,n/a,n/a
Pnb Gilts Ltd,PNBGILTS:NSI,49.35,INR,-140.35,INR,"19,789.35",INR,922.30,INR,n/a,n/a
Polaris Consulting & Services Ltd,POLARIS:NSI,230.05,INR,-273.60,INR,"52,451.40",INR,"1,493.40",INR,n/a,n/a
Praj Industries Ltd,PRAJIND:NSI,69.75,INR,-320.80,INR,"27,969.75",INR,621.55,INR,n/a,n/a
Prakash Industries Ltd,PRAKASH:NSI,137.95,INR,136.00,INR,"46,903.00",INR,"11,662.00",INR,n/a,n/a
Premier Ltd,PREMIER:NSI,29.60,INR,17.00,INR,"2,012.80",INR,95.20,INR,n/a,n/a
Prime Focus Ltd,PFOCUS:NSI,91.70,INR,399.60,INR,"61,072.20",INR,-33.30,INR,n/a,n/a
Prime Securities Ltd,PRIMESECU:NSI,42.60,INR,-38.35,INR,"2,513.40",INR,525.10,INR,n/a,n/a
Pritish Nandy Communications Ltd,PNC:NSI,19.45,INR,4.65,INR,602.95,INR,41.85,INR,n/a,n/a
Provogue India Ltd,PROVOGE:NSI,4.20,INR,78.00,INR,"2,184.00",INR,26.00,INR,n/a,n/a
PTC India Financial Services Ltd,PFS:NSI,38.40,INR,-500.85,INR,"54,950.40",INR,"1,931.85",INR,n/a,n/a
PTC India Ltd,PTC:NSI,121.45,INR,922.60,INR,"80,035.55",INR,-922.60,INR,n/a,n/a
Pudumjee Industries Ltd,PDUMJEIND:NSI,13.35,INR,-59.15,INR,"1,214.85",INR,-969.15,INR,n/a,n/a
Punj Lloyd Ltd,PUNJLLOYD:NSI,20.90,INR,-112.05,INR,"15,612.30",INR,-149.40,INR,n/a,n/a
Punjab Chemicals and Crop Protection Ltd,PUNJABCHEM:NSI,400.55,INR,14.85,INR,"10,814.85",INR,"1,043.55",INR,n/a,n/a
Puravankara Ltd,PURVA:NSI,79.95,INR,"1,029.60",INR,"42,213.60",INR,"4,039.20",INR,n/a,n/a
PVP Ventures Ltd,PVP:NSI,4.90,INR,-109.20,INR,"2,675.40",INR,-54.60,INR,n/a,n/a
R S Software (India) Ltd,RSSOFTWARE:NSI,65.45,INR,28.50,INR,"3,730.65",INR,168.15,INR,n/a,n/a
Radico Khaitan Ltd,RADICO:NSI,186.65,INR,"2,709.00",INR,"56,181.65",INR,"28,248.85",INR,n/a,n/a
Raj Television Network Ltd,RAJTV:NSI,60.45,INR,23.20,INR,"7,012.20",INR,133.40,INR,n/a,n/a
Ramco Industries Ltd,RAMCOIND:NSI,267.20,INR,-559.70,INR,"51,569.60",INR,"4,139.85",INR,n/a,n/a
Ramco Systems Ltd,RAMCOSYS:NSI,363.15,INR,-132.60,INR,"24,694.20",INR,"-1,309.00",INR,n/a,n/a
Ramkrishna Forgings Ltd,RKFORGE:NSI,686.15,INR,375.95,INR,"50,088.95",INR,"6,376.55",INR,n/a,n/a
Ramky Infrastructure Ltd,RAMKY:NSI,138.05,INR,895.35,INR,"17,532.35",INR,"5,099.05",INR,n/a,n/a
Rane Brake Linings Ltd,RBL:NSI,"1,220.25",INR,184.50,INR,"21,964.50",INR,"1,602.00",INR,n/a,n/a
Rane Engine Valve Ltd,RANEENGINE:NSI,617.10,INR,-13.50,INR,"9,256.50",INR,479.25,INR,n/a,n/a
RattanIndia Power Ltd,RTNPOWER:NSI,5.50,INR,0.00,INR,"36,173.50",INR,-328.85,INR,n/a,n/a
Reliance Industrial Infrastructure Ltd,RIIL:NSI,513.70,INR,-197.20,INR,"17,465.80",INR,"1,038.70",INR,n/a,n/a
Rico Auto Industries Ltd,RICOAUTO:NSI,97.95,INR,-255.85,INR,"29,482.95",INR,"1,550.15",INR,n/a,n/a
Rolta India Ltd,ROLTA:NSI,54.15,INR,-146.80,INR,"19,873.05",INR,532.15,INR,n/a,n/a
RSWM Ltd,RSWM:NSI,343.95,INR,-106.60,INR,"17,885.40",INR,"1,869.40",INR,n/a,n/a
Ruchi Soya Industries Ltd,RUCHISOYA:NSI,22.60,INR,-37.20,INR,"16,814.40",INR,"-1,116.00",INR,n/a,n/a
Rupa and Company Ltd,RUPA:NSI,423.05,INR,362.85,INR,"74,879.85",INR,-415.95,INR,n/a,n/a
Saksoft Ltd,SAKSOFT:NSI,200.05,INR,35.65,INR,"4,601.15",INR,31.05,INR,n/a,n/a
Sakthi Sugars Ltd,SAKHTISUG:NSI,25.95,INR,-106.00,INR,"6,876.75",INR,106.00,INR,n/a,n/a
Salora International Ltd,SALORAINTL:NSI,46.05,INR,19.00,INR,921.00,INR,62.00,INR,n/a,n/a
Sandesh Ltd,SANDESH:NSI,925.20,INR,"-1,254.60",INR,"15,728.40",INR,490.45,INR,n/a,n/a
Saregama India Ltd,SAREGAMA:NSI,568.20,INR,-74.10,INR,"22,159.80",INR,"5,844.15",INR,n/a,n/a
Sasken Technologies Ltd,SASKEN:NSI,523.90,INR,-41.80,INR,"19,908.20",INR,"1,003.20",INR,n/a,n/a
SE Investments Ltd,SEINV:NSI,187.00,INR,-144.00,INR,"16,830.00",INR,4.50,INR,n/a,n/a
Seamec Ltd,SEAMECLTD:NSI,141.00,INR,-148.20,INR,"8,037.00",INR,342.00,INR,n/a,n/a
Seshasayee Paper and Boards Ltd,SESHAPAPER:NSI,745.60,INR,240.80,INR,"20,876.80",INR,291.20,INR,n/a,n/a
Shanthi Gears Ltd,SHANTIGEAR:NSI,131.25,INR,136.50,INR,"23,887.50",INR,18.20,INR,n/a,n/a
Shilpi Cable Technologies Ltd,SHILPI:NSI,17.85,INR,209.10,INR,"4,391.10",INR,-36.90,INR,n/a,n/a
Shirpur Gold Refinery Ltd,SHIRPUR-G:NSI,156.70,INR,-84.50,INR,"10,185.50",INR,321.75,INR,n/a,n/a
Shree Rama Newsprint Ltd,RAMANEWS:NSI,25.65,INR,213.85,INR,"8,438.85",INR,674.45,INR,n/a,n/a
Shree Renuka Sugars Ltd,RENUKA:NSI,14.85,INR,631.50,INR,"31,259.25",INR,"2,105.00",INR,n/a,n/a
Shrenuj and Company Ltd,SHRENUJ:NSI,0.55,INR,21.50,INR,236.50,INR,0.00,INR,n/a,n/a
Simplex Infrastructures Ltd,SIMPLEXINF:NSI,470.25,INR,"-1,952.50",INR,"51,727.50",INR,"2,997.50",INR,n/a,n/a
Smartlink Network Systems Ltd,SMARTLINK:NSI,103.60,INR,37.50,INR,"5,180.00",INR,200.00,INR,n/a,n/a
SMS Pharmaceuticals Ltd,SMSPHARMA:NSI,105.10,INR,264.60,INR,"19,863.90",INR,-103.95,INR,n/a,n/a
Snowman Logistics Ltd,SNOWMAN:NSI,50.60,INR,148.80,INR,"18,823.20",INR,"1,357.80",INR,n/a,n/a
Sona Koyo Steering Systems Ltd,SONASTEER:NSI,106.65,INR,-132.90,INR,"47,245.95",INR,"1,284.70",INR,n/a,n/a
Sonata Software Ltd,SONATSOFTW:NSI,153.55,INR,175.50,INR,"35,930.70",INR,"1,439.10",INR,n/a,n/a
Southern Petrochemical Industries Corporation Ltd,SPIC:NSI,39.15,INR,-454.00,INR,"17,774.10",INR,"2,655.90",INR,n/a,n/a
Sri Adhikari Brothers Television Network Ltd,SABTN:NSI,51.10,INR,-206.70,INR,"3,985.80",INR,"-2,308.80",INR,n/a,n/a
Srikalahasthi Pipes Ltd,SRIPIPES:NSI,312.70,INR,-698.65,INR,"27,830.30",INR,"1,143.65",INR,n/a,n/a
Standard Industries Ltd,SIL:NSI,25.25,INR,171.60,INR,"3,610.75",INR,378.95,INR,n/a,n/a
Star Paper Mills Ltd,STARPAPER:NSI,181.10,INR,-52.50,INR,"6,338.50",INR,285.25,INR,n/a,n/a
State Trading Corporation of India Ltd,STCINDIA:NSI,178.15,INR,-623.10,INR,"23,872.10",INR,"2,954.70",INR,n/a,n/a
Sterling Biotech Ltd,STERLINBIO:NSI,4.35,INR,151.50,INR,"2,636.10",INR,575.70,INR,n/a,n/a
Subros Ltd,SUBROS:NSI,244.40,INR,254.60,INR,"32,749.60",INR,917.90,INR,n/a,n/a
Sudarshan Chemical Industries Ltd,SUDARSCHEM:NSI,384.60,INR,15.40,INR,"59,228.40",INR,"1,948.10",INR,n/a,n/a
Summit Securities Ltd,SUMMITSEC:NSI,806.75,INR,-198.00,INR,"19,362.00",INR,"2,679.60",INR,n/a,n/a
Sundaram Brake Linings Ltd,SUNDRMBRAK:NSI,731.25,INR,-213.75,INR,"6,581.25",INR,"1,713.60",INR,n/a,n/a
Sunteck Realty Ltd,SUNTECK:NSI,319.35,INR,42.15,INR,"89,737.35",INR,"1,995.10",INR,n/a,n/a
Supreme Infrastructure India Ltd,SUPREMEINF:NSI,92.40,INR,-262.20,INR,"5,266.80",INR,726.75,INR,n/a,n/a
Surya Lakshmi Cotton Mills Ltd,SURYALAXMI:NSI,94.50,INR,77.70,INR,"3,496.50",INR,351.50,INR,n/a,n/a
Surya Roshni Ltd,SURYAROSNI:NSI,308.35,INR,382.20,INR,"30,218.30",INR,"1,239.70",INR,n/a,n/a
Suven Life Sciences Ltd,SUVEN:NSI,198.00,INR,-795.20,INR,"56,232.00",INR,"5,964.00",INR,n/a,n/a
Swaraj Engines Ltd,SWARAJENG:NSI,"2,040.10",INR,"-1,117.20",INR,"57,122.80",INR,207.20,INR,n/a,n/a
Syncom Healthcare Ltd,SYNCOM:NSI,4.80,INR,0.00,INR,427.20,INR,-13.35,INR,n/a,n/a
TAJ GVK Hotels and Resorts Ltd,TAJGVK:NSI,171.10,INR,-168.00,INR,"23,954.00",INR,-266.00,INR,n/a,n/a
Take Solutions Ltd,TAKE:NSI,154.80,INR,-920.70,INR,"45,975.60",INR,430.65,INR,n/a,n/a
Tamilnadu Newsprint & Papers Ltd,TNPL:NSI,342.00,INR,308.00,INR,"52,668.00",INR,"-1,001.00",INR,n/a,n/a
Tamilnadu Petroproducts Ltd,TNPETRO:NSI,71.50,INR,40.00,INR,"14,300.00",INR,"1,020.00",INR,n/a,n/a
Tata Coffee Ltd,TATACOFFEE:NSI,155.25,INR,353.60,INR,"64,584.00",INR,"1,456.00",INR,n/a,n/a
Tata Metaliks Ltd,TATAMETALI:NSI,713.45,INR,-310.80,INR,"39,953.20",INR,"3,038.00",INR,n/a,n/a
Tata Sponge Iron Ltd,TATASPONGE:NSI,920.55,INR,239.70,INR,"31,298.70",INR,"2,465.00",INR,n/a,n/a
TD Power Systems Ltd,TDPOWERSYS:NSI,212.55,INR,151.70,INR,"15,728.70",INR,851.00,INR,n/a,n/a
Texmaco Rail & Engineering Ltd,TEXRAIL:NSI,105.85,INR,"-1,442.55",INR,"51,760.65",INR,"3,423.00",INR,n/a,n/a
Thiru Arooran Sugars Ltd,THIRUSUGAR:NSI,60.95,INR,-83.75,INR,"1,523.75",INR,113.75,INR,n/a,n/a
Thirumalai Chemicals Ltd,TIRUMALCHM:NSI,"1,866.50",INR,494.50,INR,"42,929.50",INR,"8,995.30",INR,n/a,n/a
Tide Water Oil Co India Ltd,TIDEWATER:NSI,"6,128.60",INR,-371.20,INR,"49,028.80",INR,"-1,996.40",INR,n/a,n/a
Tilaknagar Industries Ltd,TI:NSI,14.50,INR,13.90,INR,"4,031.00",INR,-152.90,INR,n/a,n/a
Time Technoplast Ltd,TIMETECHNO:NSI,195.75,INR,504.00,INR,"98,658.00",INR,403.20,INR,n/a,n/a
Tinplate Company of India Ltd,TINPLATE:NSI,273.00,INR,-233.00,INR,"63,609.00",INR,"10,100.55",INR,n/a,n/a
Tips Industries Ltd,TIPSINDLTD:NSI,71.15,INR,-49.60,INR,"2,276.80",INR,40.00,INR,n/a,n/a
Tourism Finance Corporation of India Ltd,TFCILTD:NSI,140.25,INR,-369.00,INR,"25,245.00",INR,-315.00,INR,n/a,n/a
Transport Corporation of India Ltd,TCI:NSI,280.85,INR,"1,308.15",INR,"48,025.35",INR,"1,898.10",INR,n/a,n/a
Tree House Education and Accessories Ltd,TREEHOUSE:NSI,13.55,INR,-37.60,INR,"1,273.70",INR,-32.90,INR,n/a,n/a
Tribhovandas Bhimji Zaveri Ltd,TBZ:NSI,130.50,INR,596.00,INR,"19,444.50",INR,"2,384.00",INR,n/a,n/a
Trigyn Technologies Ltd,TRIGYN:NSI,98.55,INR,-231.15,INR,"6,602.85",INR,318.25,INR,n/a,n/a
Triveni Engineering and Industries Ltd,TRIVENI:NSI,95.80,INR,"-1,063.75",INR,"55,085.00",INR,"6,037.50",INR,n/a,n/a
TV Today Network Ltd,TVTODAY:NSI,362.20,INR,-272.65,INR,"48,172.60",INR,"1,662.50",INR,n/a,n/a
TVS Srichakra Ltd,TVSSRICHAK:NSI,"3,101.95",INR,883.15,INR,"52,733.15",INR,567.80,INR,n/a,n/a
UCAL Fuel Systems Ltd,UCALFUEL:NSI,198.50,INR,24.50,INR,"9,726.50",INR,744.80,INR,n/a,n/a
Uflex Ltd,UFLEX:NSI,467.70,INR,"3,493.70",INR,"75,299.70",INR,"5,957.00",INR,n/a,n/a
Unichem Laboratories Ltd,UNICHEMLAB:NSI,253.85,INR,111.65,INR,"51,531.55",INR,"2,030.00",INR,n/a,n/a
Unitech Ltd,UNITECH:NSI,6.30,INR,-582.70,INR,"36,710.10",INR,"-3,787.55",INR,n/a,n/a
Unity Infraprojects Ltd,UNITY:NSI,4.85,INR,-13.45,INR,"1,304.65",INR,-134.50,INR,n/a,n/a
Usha Martin Ltd,USHAMART:NSI,25.80,INR,-441.35,INR,"17,518.20",INR,882.70,INR,n/a,n/a
Uttam Sugar Mills Ltd,UTTAMSUGAR:NSI,191.05,INR,0.00,INR,"16,239.25",INR,"1,547.00",INR,n/a,n/a
V I P Industries Ltd,VIPIND:NSI,265.20,INR,-220.50,INR,"83,538.00",INR,"4,803.75",INR,n/a,n/a
V L S Finance Ltd,VLSFINANCE:NSI,91.75,INR,-107.50,INR,"7,890.50",INR,"1,818.90",INR,n/a,n/a
V2 Retail Ltd,V2RETAIL:NSI,448.90,INR,545.10,INR,"30,974.10",INR,"2,829.00",INR,n/a,n/a
Vaibhav Global Ltd,VAIBHAVGBL:NSI,552.95,INR,-441.65,INR,"40,365.35",INR,248.20,INR,n/a,n/a
Value Industries Ltd,VALUEIND:NSI,7.40,INR,17.40,INR,643.80,INR,4.35,INR,n/a,n/a
Vardhman Holdings Ltd,VHL:NSI,"3,437.70",INR,264.25,INR,"24,063.90",INR,"1,086.05",INR,n/a,n/a
Vardhman Polytex Ltd,VARDMNPOLY:NSI,33.50,INR,-10.00,INR,"1,675.00",INR,-77.50,INR,n/a,n/a
Venky's (India) Ltd,VENKEYS:NSI,"2,421.55",INR,513.05,INR,"75,068.05",INR,"13,052.55",INR,n/a,n/a
Vesuvius India Ltd,VESUVIUS:NSI,"1,332.90",INR,-319.50,INR,"59,980.50",INR,396.00,INR,n/a,n/a
Viceroy Hotels Ltd,VICEROY:NSI,18.25,INR,-23.50,INR,"1,715.50",INR,-47.00,INR,n/a,n/a
Vindhya Telelinks Ltd,VINDHYATEL:NSI,"1,286.25",INR,318.50,INR,"33,442.50",INR,"3,625.70",INR,n/a,n/a
Vinyl Chemicals India Ltd,VINYLINDIA:NSI,80.05,INR,-6.15,INR,"3,282.05",INR,239.85,INR,n/a,n/a
Visagar Polytex Ltd,VIVIDHA:NSI,0.90,INR,-27.40,INR,493.20,INR,0.00,INR,n/a,n/a
Welspun Corp Ltd,WELCORP:NSI,138.60,INR,-29.55,INR,"81,912.60",INR,"3,723.30",INR,n/a,n/a
West Coast Paper Mills Ltd,WSTCSTPAPR:NSI,182.05,INR,-169.05,INR,"26,761.35",INR,"1,161.30",INR,n/a,n/a
Wheels India Ltd,WHEELS:NSI,"1,499.65",INR,-9.45,INR,"40,490.55",INR,800.55,INR,n/a,n/a
Windsor Machines Ltd,WINDMACHIN:NSI,58.55,INR,0.00,INR,"8,489.75",INR,362.50,INR,n/a,n/a
Zandu Realty Ltd,ZANDUREALT:NSI,"1,288.75",INR,-4.50,INR,"2,577.50",INR,110.20,INR,n/a,n/a
Zee Learn Ltd,ZEELEARN:NSI,46.30,INR,180.50,INR,"33,428.60",INR,"2,382.60",INR,n/a,n/a
Zee Media Corporation Ltd,ZEEMEDIA:NSI,39.45,INR,-52.45,INR,"41,383.05",INR,"3,304.35",INR,n/a,n/a
Zodiac Clothing Company Ltd,ZODIACLOTH:NSI,193.05,INR,-105.35,INR,"8,301.15",INR,118.25,INR,n/a,n/a
Zuari Global Ltd,ZUARIGLOB:NSI,133.95,INR,-3.30,INR,"8,840.70",INR,455.40,INR,n/a,n/a
